wave,flux,uncertainty
0.79933393,2.706443e-13,5.1595416e-14
0.7997498,3.5057715e-14,1.7617021e-13
0.8001641,-8.7799354e-16,6.3218257e-14
0.8005769,2.7580385e-13,5.481261e-14
0.8009882,-2.1661034e-13,5.781261e-14
0.8013979,2.3067195e-13,4.7450105e-14
0.8018061,1.681821e-13,4.8301925e-14
0.8022127,1.1969713e-13,4.8567002e-14
0.8026179,5.1618963e-13,6.183036e-14
0.8030216,1.00274884e-13,5.45198e-14
0.8034237,2.4483077e-13,5.5080554e-14
0.80382437,1.3904597e-14,5.583632e-14
0.80422354,-6.0122216e-14,5.5195184e-14
0.8046212,-8.115149e-14,5.4181106e-14
0.8050174,3.4166683e-13,5.714893e-14
0.8054121,6.091815e-13,5.666302e-14
0.8058054,6.421813e-13,5.840904e-14
0.80619717,-3.1440643e-13,5.707936e-14
0.8065875,5.858704e-13,5.925606e-14
0.8069764,2.9224893e-14,6.2731e-14
0.80736375,1.2995548e-13,8.1515456e-14
0.8077498,-2.9036514e-13,6.2585564e-14
0.8081343,-3.324565e-13,5.8701165e-14
0.80851746,-1.02302606e-13,5.834622e-14
0.80889916,2.007269e-13,5.8635585e-14
0.80927944,2.1082241e-13,5.771451e-14
0.8096583,-4.629684e-14,5.939026e-14
0.81003577,-6.296832e-14,5.7846184e-14
0.8104119,-2.9996562e-13,6.300895e-14
0.81078655,2.0242029e-13,5.976493e-14
0.8111598,-2.8681845e-13,5.810381e-14
0.81153166,1.8355925e-13,5.542297e-14
0.8119022,5.529827e-13,5.923216e-14
0.81227136,1.657416e-13,6.028033e-14
0.8126391,1.6954381e-13,6.0098024e-14
0.8130055,-2.9173972e-13,7.867423e-14
0.8133706,1.8258098e-14,6.0121606e-14
0.81373435,2.6305435e-14,6.4736614e-14
0.8140967,-1.7337328e-13,6.238094e-14
0.8144577,-3.5081635e-13,6.4778356e-14
0.81481737,-9.072867e-14,6.312347e-14
0.8151758,1.7063565e-14,6.4424506e-14
0.8155328,1.0509418e-14,6.2499254e-14
0.8158886,2.8935523e-14,6.435171e-14
0.816243,-5.8943966e-14,6.5695394e-14
0.8165961,1.2713593e-13,6.551106e-14
0.8169479,-1.1277244e-13,6.495762e-14
0.8172984,2.8229025e-13,6.817543e-14
0.81764764,5.1952857e-14,6.472589e-14
0.81799567,2.615546e-14,6.299235e-14
0.8183423,-2.364568e-13,6.4991374e-14
0.81868774,-6.8294146e-14,6.665706e-14
0.8190319,-1.3728697e-14,6.450652e-14
0.8193748,3.3390757e-13,7.175348e-14
0.8197164,-1.7248557e-13,6.719895e-14
0.82005686,7.479978e-14,6.379879e-14
0.8203959,8.253506e-15,6.3143996e-14
0.8207339,1.3254058e-13,6.3851336e-14
0.8210705,-1.0056242e-13,6.572271e-14
0.82140595,-2.3333438e-13,5.9243056e-14
0.8217402,-1.5674224e-13,5.937127e-14
0.8220732,8.973333e-14,5.705698e-14
0.8224051,-3.290519e-14,5.7337456e-14
0.82273567,-5.5968776e-14,6.212665e-14
0.82306516,3.174351e-13,6.218307e-14
0.82339334,-1.3536408e-14,6.1689606e-14
0.82372034,-1.8227368e-14,6.194975e-14
0.8240462,-1.6898553e-13,5.955099e-14
0.8243709,-6.353853e-14,7.4399424e-14
0.82469445,-4.9166644e-14,6.2485024e-14
0.8250168,6.9548967e-13,6.6908196e-14
0.825338,3.4950723e-13,8.445344e-14
0.825658,-1.9385669e-13,6.258069e-14
0.82597697,2.541675e-13,6.2966966e-14
0.8262947,-1.874526e-13,6.107895e-14
0.82661134,-2.5634678e-13,5.973298e-14
0.8269268,5.832306e-13,6.0663836e-14
0.8272412,3.094337e-13,6.176181e-14
0.82755446,1.8357837e-13,6.072879e-14
0.8278667,-1.7678918e-13,6.374876e-14
0.82817775,6.265441e-14,6.2738334e-14
0.8284877,-5.181694e-13,6.31543e-14
0.8287965,2.2802698e-14,6.1780123e-14
0.8291043,-9.836592e-15,8.008457e-14
0.8294109,-1.3304338e-13,6.259113e-14
0.8297166,-1.1843711e-13,6.170475e-14
0.8300211,9.011233e-14,6.114786e-14
0.8303246,2.992744e-13,6.066538e-14
0.83062696,9.674011e-14,6.19888e-14
0.8309283,-1.12283263e-13,6.201019e-14
0.8312286,-3.5881346e-14,6.2234634e-14
0.83152795,1.559861e-13,8.75313e-14
0.83182615,2.3069264e-13,6.3470456e-14
0.83212334,-3.9803776e-14,6.3676156e-14
0.8324195,-1.3434424e-13,6.5555566e-14
0.8327147,2.7250714e-13,6.601941e-14
0.83300877,1.2242257e-13,7.120137e-14
0.83330196,-1.3073493e-13,6.822049e-14
0.833594,-4.370897e-13,7.2253184e-14
0.83388513,2.0735094e-13,7.5777024e-14
0.8341753,-2.2283237e-13,7.450277e-14
0.83446443,-2.210854e-13,7.159626e-14
0.8347526,4.5209106e-14,6.706502e-14
0.83503985,1.2837923e-13,6.714103e-14
0.8353261,-8.327679e-15,6.5981705e-14
0.83561134,5.7803896e-15,6.5213446e-14
0.8358956,-1.7422263e-13,6.522116e-14
0.836179,2.3761413e-13,6.074971e-14
0.8364614,1.2179518e-13,6.021889e-14
0.8367429,3.394156e-13,6.3640973e-14
0.83702344,9.340179e-14,5.9912605e-14
0.83730304,-1.612932e-13,5.9604326e-14
0.83758163,6.8443915e-14,6.1134495e-14
0.83785945,2.026728e-13,5.756961e-14
0.8381363,6.1278856e-14,7.145211e-14
0.8384122,-1.6035957e-13,6.4621865e-14
0.8386873,1.5277345e-13,5.890396e-14
0.8389614,-1.7372303e-13,5.6946316e-14
0.83923465,8.468794e-14,5.5836974e-14
0.83950704,1.2475281e-13,5.73543e-14
0.83977854,-1.2551199e-13,5.9104495e-14
0.8400492,-2.2182973e-13,6.312151e-14
0.8403189,4.8729656e-13,6.394055e-14
0.8405878,-1.2122647e-13,6.555771e-14
0.84085584,3.998591e-14,6.913527e-14
0.84112304,1.381204e-13,7.184009e-14
0.8413895,1.8849355e-13,7.4063145e-14
0.8416549,-4.7343365e-14,7.2674485e-14
0.8419196,2.8747295e-13,7.484798e-14
0.8421834,3.103145e-13,7.231971e-14
0.8424465,1.8490216e-13,7.002355e-14
0.8427087,9.5176254e-14,7.106106e-14
0.84297013,-1.988265e-13,8.2040216e-14
0.84323066,-5.702691e-14,6.961646e-14
0.84349054,7.4219595e-14,6.5061475e-14
0.8437495,1.436405e-13,6.504973e-14
0.84400773,2.2973886e-13,6.984168e-14
0.84426516,-3.08206e-14,6.453501e-14
0.84452176,-2.0922481e-13,6.4199785e-14
0.84477776,-1.6840107e-13,6.341796e-14
0.8450328,1.1926175e-13,6.2559726e-14
0.8452872,6.951883e-14,6.169572e-14
0.8455408,-2.5066237e-13,6.052526e-14
0.8457937,-5.1559512e-14,5.7390575e-14
0.8460458,-8.219134e-14,5.819788e-14
0.84629726,-3.2540705e-14,5.947432e-14
0.84654784,8.737423e-14,6.767197e-14
0.8467978,-1.2441025e-13,6.054217e-14
0.8470471,2.5708876e-13,7.386182e-14
0.8472955,4.1075548e-14,6.10324e-14
0.84754336,1.639471e-13,6.2357874e-14
0.8477904,9.187155e-14,6.38427e-14
0.8480368,-2.7075356e-14,6.1746066e-14
0.8482825,-3.6965645e-13,6.199581e-14
0.84852755,5.4218362e-14,6.1284135e-14
0.848772,1.3878604e-13,6.1207644e-14
0.84901565,-1.4352393e-13,5.9853815e-14
0.8492586,-4.9188315e-14,5.698079e-14
0.84950095,-1.01363294e-13,5.750484e-14
0.84974265,-2.0979178e-13,5.6195452e-14
0.8499837,1.5076033e-14,5.701528e-14
0.850224,-3.1535355e-14,5.779244e-14
0.85046387,5.816583e-15,5.825297e-14
0.85070294,-1.452594e-13,6.077179e-14
0.8509414,-2.1880276e-14,6.195903e-14
0.8511793,2.7063218e-13,6.318692e-14
0.8514165,1.2247197e-13,6.1910316e-14
0.8516532,-2.356158e-14,6.2833677e-14
0.85188925,-7.7990335e-14,6.184052e-14
0.85212463,9.64e-14,6.1402984e-14
0.8523595,-1.846848e-13,6.8658377e-14
0.8525938,6.631007e-14,5.863235e-14
0.8528274,-3.055359e-14,6.083946e-14
0.85306054,3.8166613e-13,5.915739e-14
0.85329306,2.2266564e-13,5.64489e-14
0.853525,-1.5333919e-13,5.789423e-14
0.8537564,-1.5103098e-13,5.805234e-14
0.8539872,2.280335e-13,5.9148555e-14
0.8542176,1.7445308e-13,5.886398e-14
0.85444725,2.0778708e-14,6.068685e-14
0.8546765,9.535695e-14,5.8718425e-14
0.8549052,-2.4869129e-13,5.952162e-14
0.8551334,-1.02984014e-13,5.6665068e-14
0.85536104,-7.885649e-14,7.290504e-14
0.8555881,-4.1625574e-14,5.382008e-14
0.85581475,-6.209884e-16,5.459846e-14
0.85604084,8.882667e-14,5.4267636e-14
0.8562665,3.4827694e-14,5.2757827e-14
0.8564916,1.3090513e-13,5.2840145e-14
0.8567162,7.552431e-14,6.0120433e-14
0.85694045,1.8854859e-13,5.972019e-14
0.8571641,2.5098923e-13,7.819584e-14
0.8573873,1.2984506e-13,6.16911e-14
0.85761005,2.8869485e-13,5.890638e-14
0.8578323,-9.075629e-15,5.9375024e-14
0.8580542,2.3313523e-14,6.217454e-14
0.8582756,7.818044e-14,6.1668295e-14
0.8584965,-2.0719722e-14,6.05419e-14
0.8587171,-8.7310117e-14,5.8860035e-14
0.8589371,3.2227103e-14,5.7543895e-14
0.85915685,9.1861455e-14,5.7874997e-14
0.8593761,9.7077775e-14,5.917698e-14
0.85959494,2.0418824e-14,6.109849e-14
0.8598133,-1.8336732e-14,5.2966864e-14
0.86003137,3.896381e-14,4.655041e-14
0.86024904,1.0075478e-13,4.6466984e-14
0.8604662,9.025554e-14,4.975527e-14
0.8606831,1.5470447e-13,4.636432e-14
0.8608996,1.12580145e-13,4.6017684e-14
0.8611157,-5.9609205e-14,4.7047893e-14
0.86133146,-7.829507e-15,5.088213e-14
0.8615469,5.1749406e-15,5.1911163e-14
0.8617619,6.399422e-14,5.2341317e-14
0.86197656,-6.5224295e-14,5.415348e-14
0.8621909,5.0483624e-14,5.5751454e-14
0.8624049,1.3292022e-13,5.7680226e-14
0.86261857,-2.2352354e-14,5.8346245e-14
0.86283195,-2.03916e-13,5.4284305e-14
0.8630449,-1.9875135e-13,5.5230157e-14
0.86325765,-1.4431361e-14,5.2839636e-14
0.86347,2.8314056e-13,5.480528e-14
0.86368215,3.013684e-13,5.1021145e-14
0.8638939,2.3710114e-13,5.0692598e-14
0.86410546,2.2443802e-13,4.932258e-14
0.8643166,1.1082752e-13,4.8136466e-14
0.8645275,6.229135e-15,4.61119e-14
0.86473817,-6.470243e-14,4.6613612e-14
0.86494863,-1.8097982e-13,4.6829433e-14
0.8651587,2.1124271e-13,4.4418408e-14
0.86536855,1.2220287e-13,4.494116e-14
0.86557823,-1.559264e-14,5.3059628e-14
0.8657876,-1.2639293e-13,4.324801e-14
0.86599666,6.1483e-14,4.347111e-14
0.8662056,9.545744e-14,4.256577e-14
0.86641425,3.0674343e-13,4.3705108e-14
0.8666226,3.1440064e-14,4.4635374e-14
0.8668309,3.1592105e-15,5.3261337e-14
0.86703885,1.9173525e-13,4.6139386e-14
0.8672467,2.5793956e-13,4.1686174e-14
0.8674543,1.2846314e-13,4.4309063e-14
0.8676617,5.8518166e-14,4.2649135e-14
0.86786884,1.0343018e-14,4.4449277e-14
0.8680759,-1.7419462e-13,4.9523784e-14
0.86828274,-7.564062e-14,4.8171685e-14
0.86848944,-6.9008316e-14,4.3616623e-14
0.8686959,-5.3782957e-14,4.3285433e-14
0.86890227,8.3354845e-14,4.226224e-14
0.8691084,1.5133484e-13,4.418453e-14
0.86931443,4.7538e-14,4.679496e-14
0.8695203,2.2995765e-14,4.5280847e-14
0.86972606,-2.6095462e-13,4.535526e-14
0.86993176,-1.2515695e-13,4.6307244e-14
0.8701372,6.094336e-14,4.4515593e-14
0.87034255,-4.1551993e-15,4.7203764e-14
0.87054783,-1.0666133e-13,4.5128404e-14
0.87075293,8.465315e-15,4.580945e-14
0.87095803,3.054888e-13,4.4781636e-14
0.8711629,1.2405128e-13,4.6680104e-14
0.87136775,1.6775067e-13,4.5799827e-14
0.87157243,1.2482322e-13,4.6980086e-14
0.8717772,8.0529096e-14,4.896614e-14
0.87198174,-1.4074793e-13,5.4344418e-14
0.8721863,-1.2303944e-13,5.3583785e-14
0.87239075,1.4198783e-13,5.3573892e-14
0.87259513,1.550609e-13,5.2622173e-14
0.8727995,5.6267413e-14,5.0721895e-14
0.8730038,1.1779087e-14,5.1359873e-14
0.873208,6.673943e-14,4.80577e-14
0.8734122,3.9984092e-14,4.67988e-14
0.8736164,-7.078106e-14,4.5634476e-14
0.8738206,1.0858999e-13,5.5406478e-14
0.8740247,-9.633729e-14,4.1410594e-14
0.87422884,-1.09568143e-13,3.5865083e-14
0.874433,1.3399218e-13,3.4251024e-14
0.8746371,-4.087705e-14,3.5987574e-14
0.8748412,1.0267359e-13,3.1426284e-14
0.8750453,1.0661188e-14,3.2618138e-14
0.8752494,2.0076793e-14,3.3543555e-14
0.8754536,2.8993369e-13,2.8713394e-14
0.8756578,7.6965886e-14,2.7490219e-14
0.875862,7.436476e-14,2.8187107e-14
0.8760663,1.5712929e-13,2.8613193e-14
0.87627053,5.818479e-14,2.7736123e-14
0.8764749,2.5872072e-14,2.8364906e-14
0.8766793,1.9135377e-14,2.8345302e-14
0.8768838,8.67569e-14,3.0107427e-14
0.8770883,-2.413987e-14,2.9914056e-14
0.8772929,1.5697849e-13,2.999254e-14
0.87749755,-9.8167236e-14,3.0967098e-14
0.87770224,3.690006e-13,3.1211128e-14
0.87790716,2.8520694e-13,3.1434338e-14
0.87811214,2.1797821e-13,3.417474e-14
0.8783171,-7.8824554e-14,3.5946787e-14
0.8785223,1.4476033e-13,3.643016e-14
0.87872756,7.083258e-15,3.5569356e-14
0.87893283,9.4168386e-14,3.851638e-14
0.87913835,3.7205387e-14,4.006165e-14
0.8793439,-3.6917392e-14,4.2500884e-14
0.8795497,2.6142416e-13,4.2771586e-14
0.87975556,6.454607e-14,4.7039677e-14
0.8799616,1.5270423e-14,4.8019087e-14
0.88016784,-2.0391783e-14,4.8782277e-14
0.88037413,3.4211918e-14,4.9176392e-14
0.88058066,5.497454e-14,4.9132258e-14
0.8807873,1.3272002e-13,4.9281946e-14
0.88099426,9.534959e-14,4.86512e-14
0.88120115,1.3408328e-13,4.8761664e-14
0.8814084,1.2902482e-13,4.6780115e-14
0.8816158,3.3602004e-14,4.9357267e-14
0.8818234,-4.6694663e-14,4.667967e-14
0.88203126,2.7196228e-13,4.5815687e-14
0.8822393,8.6463904e-14,4.2442022e-14
0.8824475,1.8865958e-13,4.163799e-14
0.88265586,-1.4304412e-13,3.8477637e-14
0.88286453,-3.5800468e-14,3.85911e-14
0.88307345,-5.0436435e-14,3.636323e-14
0.88328254,2.8480023e-13,3.7208267e-14
0.8834919,1.1951758e-13,3.4272972e-14
0.88370156,3.13192e-13,3.1912962e-14
0.88391143,2.123621e-13,3.2159266e-14
0.8841216,9.782059e-14,3.2585374e-14
0.88433194,9.6296675e-14,3.0186896e-14
0.8845426,2.0913106e-14,3.02425e-14
0.8847535,1.3928573e-13,2.9105248e-14
0.88496476,7.676304e-14,3.1459576e-14
0.88517624,-7.4531954e-14,3.2406806e-14
0.8853881,1.4078711e-13,3.3159666e-14
0.8856002,3.508614e-14,3.5129702e-14
0.8858126,7.1251815e-14,3.6014462e-14
0.8860253,-3.277375e-14,3.6055716e-14
0.8862383,2.3567533e-13,3.7165888e-14
0.88645166,-7.322245e-15,3.600194e-14
0.88666534,-6.913348e-14,3.4406516e-14
0.8868793,2.620592e-13,3.4349212e-14
0.88709366,1.09847014e-13,3.3865943e-14
0.8873084,1.286204e-13,3.2522176e-14
0.8875234,2.1425873e-13,3.4284075e-14
0.88773876,1.1986427e-13,3.3456446e-14
0.8879546,2.147519e-13,3.4614032e-14
0.8881707,1.8368064e-13,3.8427235e-14
0.8883872,3.0726303e-13,3.6932944e-14
0.888604,3.2674083e-13,3.8916976e-14
0.8888213,1.4970199e-13,4.0066115e-14
0.889039,-2.9195864e-14,5.4860457e-14
0.889257,-1.6851204e-13,4.3932407e-14
0.8894754,1.026712e-13,4.3850984e-14
0.8896942,1.6430104e-13,4.2207035e-14
0.88991356,1.3949661e-13,4.9703077e-14
0.8901332,1.0631241e-13,4.2163714e-14
0.8903533,-1.068204e-14,4.3230647e-14
0.8905738,1.8519981e-13,4.4185582e-14
0.8907948,2.872283e-13,4.243147e-14
0.8910162,1.5317378e-13,4.1455642e-14
0.8912381,1.0932414e-13,4.253322e-14
0.89146036,-4.326131e-14,4.0440063e-14
0.8916831,9.054576e-14,4.112613e-14
0.8919063,-1.147568e-13,3.931042e-14
0.8921301,5.5001824e-14,3.8259804e-14
0.8923542,2.599438e-13,3.854887e-14
0.8925789,-4.581674e-14,3.801917e-14
0.892804,8.152196e-14,3.851185e-14
0.8930296,1.0583621e-13,4.0114132e-14
0.8932558,1.0097604e-13,4.1010947e-14
0.89348245,4.6557495e-14,3.9464095e-14
0.8937095,5.71606e-14,5.8755884e-14
0.89393723,2.378968e-13,8.3384004e-14
0.89416534,7.398442e-14,5.712519e-14
0.89439404,8.9065345e-14,3.925081e-14
0.8946232,1.6625522e-13,3.8461374e-14
0.89485306,2.5113734e-14,3.51389e-14
0.8950833,-4.6565982e-14,3.5669943e-14
0.89531416,-1.2147495e-14,3.4701988e-14
0.8955456,-1.8139688e-13,3.5529146e-14
0.8957775,-4.2949897e-14,3.6791144e-14
0.89601004,-1.7933507e-14,4.373966e-14
0.89624316,1.257965e-13,3.9094125e-14
0.89647686,1.9634995e-13,4.4458913e-14
0.8967111,6.402152e-14,4.1935524e-14
0.896946,1.2131183e-13,4.0469967e-14
0.89718145,3.5525432e-13,3.8460686e-14
0.8974175,1.669061e-13,3.944576e-14
0.8976542,1.197468e-13,3.542588e-14
0.8978914,8.484142e-14,3.5247884e-14
0.8981293,2.2671237e-13,3.4372075e-14
0.89836776,-5.1373184e-15,3.659679e-14
0.89860696,2.279197e-13,4.9171398e-14
0.8988467,-6.0600816e-14,3.5402016e-14
0.89908713,1.7880558e-13,3.550809e-14
0.8993281,1.9961306e-13,3.625625e-14
0.8995698,5.1307628e-14,3.882185e-14
0.8998122,1.0473918e-13,3.665965e-14
0.9000553,3.264279e-13,3.923194e-14
0.90029895,-4.206098e-14,3.8846476e-14
0.9005433,3.3252126e-13,3.7686535e-14
0.9007883,3.200903e-13,3.7295176e-14
0.90103406,3.3301226e-13,4.1406118e-14
0.90128046,3.1955257e-13,3.535298e-14
0.9015275,2.079012e-13,3.3810926e-14
0.9017754,5.479367e-14,3.455074e-14
0.9020239,9.851467e-14,3.1798914e-14
0.9022731,8.856665e-14,2.9783854e-14
0.90252304,1.4326072e-13,2.9992227e-14
0.90277374,7.255796e-14,2.7431267e-14
0.9030252,2.2096353e-13,2.9106173e-14
0.9032772,2.3776068e-13,2.8230124e-14
0.90353006,1.7836064e-13,2.9714085e-14
0.9037837,2.1435772e-13,3.1637606e-14
0.904038,6.299227e-15,2.941636e-14
0.90429294,5.5439777e-14,3.191191e-14
0.9045487,1.4984563e-13,4.3449724e-14
0.9048052,5.172228e-15,3.3110457e-14
0.9050623,4.8789386e-14,3.2019235e-14
0.9053202,1.01721535e-13,3.271342e-14
0.9055788,1.8148121e-13,3.376226e-14
0.9058381,9.7527557e-14,3.4418476e-14
0.9060981,1.2691108e-13,3.5745028e-14
0.9063589,1.2533494e-13,3.2104683e-14
0.9066203,2.282517e-13,3.1174187e-14
0.9068825,4.948537e-14,3.2058896e-14
0.9071454,1.6129008e-13,3.4756428e-14
0.907409,1.7137242e-13,3.462085e-14
0.90767324,1.1528773e-13,3.407797e-14
0.9079383,1.2613799e-13,3.3061322e-14
0.908204,2.9166575e-13,3.3030253e-14
0.9084705,1.59041e-13,3.331616e-14
0.9087376,-1.6435626e-14,3.437228e-14
0.90900546,2.3550138e-14,3.3292813e-14
0.9092741,2.31741e-13,3.262024e-14
0.90954334,1.4705685e-13,3.366281e-14
0.9098134,4.133059e-14,3.248786e-14
0.91008407,1.8446174e-13,4.0986447e-14
0.91035545,6.0924756e-14,3.0953542e-14
0.91062754,5.09625e-14,3.125978e-14
0.9109004,1.1314659e-13,3.2040936e-14
0.91117394,7.400652e-14,3.2362215e-14
0.9114481,2.2285712e-13,3.0292368e-14
0.911723,1.8084225e-13,3.0873812e-14
0.91199875,3.0004814e-14,3.099011e-14
0.912275,2.4664307e-13,3.017885e-14
0.91255206,5.4372646e-15,3.0614976e-14
0.91282976,-1.3798325e-13,3.0261187e-14
0.9131082,2.939455e-13,3.1595068e-14
0.9133874,1.7097455e-13,3.3482386e-14
0.9136672,2.5958443e-13,3.023191e-14
0.91394776,2.8713872e-13,3.2191348e-14
0.914229,1.4786717e-13,3.1760425e-14
0.91451097,5.7195554e-14,3.3351966e-14
0.91479355,7.524565e-14,3.0054057e-14
0.91507685,2.5942028e-13,3.3819613e-14
0.9153609,-9.8241e-14,3.0010045e-14
0.9156456,1.9756069e-13,3.1963578e-14
0.91593105,1.1173304e-13,3.0908527e-14
0.9162172,2.3951422e-13,3.1720283e-14
0.916504,3.3677493e-13,3.326551e-14
0.9167915,2.3908132e-13,3.0626485e-14
0.9170797,6.6610996e-14,2.9364054e-14
0.91736853,1.4989175e-13,3.029038e-14
0.9176581,2.6898812e-13,3.3974515e-14
0.91794837,3.012228e-13,3.0783268e-14
0.91823936,3.6690656e-13,3.170593e-14
0.91853094,1.5393071e-13,2.968325e-14
0.91882336,1.1751476e-13,3.3335476e-14
0.9191163,2.3769428e-13,3.256405e-14
0.91941005,2.4316055e-13,3.4003663e-14
0.9197045,3.8309191e-13,3.3690193e-14
0.91999954,3.6645047e-13,3.6324205e-14
0.9202953,1.4891097e-13,3.5188158e-14
0.9205918,1.4159355e-13,3.6076024e-14
0.92088896,3.3325046e-13,3.8542913e-14
0.92118675,3.9074064e-13,3.552317e-14
0.92148525,1.0601326e-13,3.433389e-14
0.92178446,2.5472834e-13,3.308521e-14
0.9220844,1.3098813e-13,2.9747824e-14
0.922385,1.9904689e-13,2.8340818e-14
0.92268616,1.3067896e-13,2.5542023e-14
0.92298806,2.9405295e-13,2.6069477e-14
0.9232907,1.8405594e-14,2.296992e-14
0.92359394,1.7626203e-13,2.3109347e-14
0.9238979,1.0857731e-13,2.3643417e-14
0.9242026,1.1698063e-13,2.2858365e-14
0.9245079,5.187915e-14,2.4032397e-14
0.924814,4.003255e-14,2.957095e-14
0.9251206,-2.3680864e-14,2.5002796e-14
0.9254279,2.2464244e-14,2.5189122e-14
0.925736,1.4952628e-13,2.5549389e-14
0.9260447,-1.3173176e-14,2.732942e-14
0.9263541,9.492587e-15,2.6850946e-14
0.9266642,8.140119e-14,2.8123617e-14
0.9269749,1.8106907e-13,3.012003e-14
0.9272863,8.6616925e-14,3.2198795e-14
0.92759836,1.2595751e-13,3.6084427e-14
0.92791116,-3.932625e-14,4.1482212e-14
0.9282245,5.9812974e-14,4.3297502e-14
0.9285387,-3.4893665e-14,4.757863e-14
0.9288534,-6.50108e-14,5.2553644e-14
0.9291688,3.0714109e-13,5.683283e-14
0.92948496,-3.370816e-14,6.1630104e-14
0.92980164,-1.5294486e-13,6.038483e-14
0.93011916,8.342658e-14,6.411625e-14
0.9304372,-6.893396e-14,6.096389e-14
0.930756,2.9726978e-13,6.168457e-14
0.9310754,4.6670763e-14,5.810528e-14
0.93139553,1.2110961e-13,5.5961624e-14
0.9317163,8.689197e-14,5.1920487e-14
0.9320377,-3.023162e-14,5.0319883e-14
0.9323599,2.411775e-13,4.8959612e-14
0.93268263,-8.2734106e-14,4.5634696e-14
0.93300605,7.515231e-14,4.4487136e-14
0.93333006,3.443715e-14,4.2945048e-14
0.9336549,1.4193306e-13,4.9764168e-14
0.9339803,4.16264e-13,5.782274e-14
0.9343063,3.0288575e-13,5.2932153e-14
0.9346331,8.3880914e-14,5.6122245e-14
0.9349604,1.87978e-13,6.079412e-14
0.9352885,1.928717e-13,6.409343e-14
0.9356172,-2.4604548e-13,6.232587e-14
0.9359466,5.5129753e-14,5.921562e-14
0.93627656,3.2146578e-13,5.5059764e-14
0.93660724,1.660178e-13,4.9090157e-14
0.9369386,1.6172019e-13,4.416938e-14
0.9372706,7.111265e-14,4.0093915e-14
0.93760324,1.0353906e-13,3.6937846e-14
0.93793654,2.4985813e-13,3.573124e-14
0.9382705,4.7951582e-14,3.4414407e-14
0.93860507,1.5548683e-13,3.6886127e-14
0.93894035,6.9093995e-14,3.7021743e-14
0.9392763,1.7075803e-13,3.7159894e-14
0.9396128,2.6534038e-13,4.0014487e-14
0.93995,2.2661735e-13,4.0892843e-14
0.9402879,8.8091935e-14,4.01768e-14
0.9406264,1.8411604e-13,4.4118094e-14
0.94096553,9.5962877e-14,4.6457657e-14
0.9413054,2.3755688e-14,4.692246e-14
0.9416458,2.5332544e-13,4.9475672e-14
0.9419869,2.6229247e-13,4.852973e-14
0.94232863,2.8428613e-13,4.888194e-14
0.942671,1.9488103e-13,5.5866627e-14
0.9430141,1.9131116e-13,4.768971e-14
0.9433577,9.761796e-14,4.5329778e-14
0.94370204,1.0467024e-13,4.776352e-14
0.9440471,1.6607351e-13,5.1809807e-14
0.9443927,2.824256e-13,4.5414112e-14
0.944739,2.2969636e-13,4.4754304e-14
0.9450858,4.4653276e-13,4.592985e-14
0.9454334,2.0945195e-14,4.4639494e-14
0.9457815,1.7325042e-13,4.493152e-14
0.9461304,3.055129e-13,4.5371655e-14
0.94647986,2.1409116e-13,4.3015962e-14
0.94683,2.3145393e-13,4.1841676e-14
0.9471807,2.298896e-13,4.0571418e-14
0.94753206,2.0855266e-13,4.641127e-14
0.9478841,7.075375e-14,3.8405023e-14
0.9482367,1.7734349e-13,3.803516e-14
0.94859004,1.9501173e-13,4.4051975e-14
0.948944,1.0370709e-13,3.7530393e-14
0.94929856,5.148234e-14,3.8397664e-14
0.9496537,1.3386666e-13,3.83942e-14
0.9500096,1.6184165e-13,3.9843474e-14
0.950366,-1.9941248e-14,3.8883688e-14
0.95072305,2.8982654e-13,3.8566715e-14
0.95108074,1.2812406e-13,3.6953588e-14
0.95143914,1.151546e-13,3.747461e-14
0.95179814,2.5003545e-13,3.8796176e-14
0.9521578,4.2192598e-13,3.9508727e-14
0.95251805,2.2628695e-13,3.8037976e-14
0.9528789,1.1228724e-13,3.837728e-14
0.95324045,1.1535042e-13,3.7898876e-14
0.95360255,1.7183027e-13,3.725591e-14
0.9539653,7.5401253e-14,3.575864e-14
0.9543287,4.9653054e-14,3.2288794e-14
0.95469266,2.7393022e-14,2.9962784e-14
0.9550573,2.8833172e-13,3.001372e-14
0.95542264,1.6575896e-14,2.7546245e-14
0.9557885,6.55142e-14,2.6475092e-14
0.95615506,1.2445988e-13,2.5220752e-14
0.95652217,1.1095201e-13,2.684172e-14
0.9568899,7.791316e-14,2.6008746e-14
0.9572583,2.3107536e-13,2.6076719e-14
0.95762736,1.9220664e-13,2.446894e-14
0.95799696,2.1596165e-13,2.4821799e-14
0.95836717,5.246867e-14,2.5343988e-14
0.9587381,1.1972271e-13,2.6137089e-14
0.95910954,1.9589762e-13,2.8049488e-14
0.95948166,2.973694e-13,3.140868e-14
0.9598544,1.7970071e-13,2.772352e-14
0.9602277,2.3405965e-13,2.872203e-14
0.96060175,2.0582279e-13,2.7567956e-14
0.96097624,4.8450342e-14,2.6662434e-14
0.96135145,1.6699187e-13,2.6627873e-14
0.9617273,1.6146894e-13,2.58092e-14
0.9621037,1.815551e-13,2.6146623e-14
0.9624808,1.6579845e-13,2.4938356e-14
0.9628584,1.3198818e-13,2.4699564e-14
0.9632367,2.971863e-13,2.51272e-14
0.96361554,2.4247705e-13,2.5115548e-14
0.96399504,1.6083649e-13,2.5174544e-14
0.9643752,3.190524e-13,2.6597282e-14
0.96475583,1.4875044e-13,2.6062906e-14
0.9651372,2.752914e-13,2.711829e-14
0.96551913,1.7382546e-13,2.7088264e-14
0.9659017,1.3587022e-13,2.7919417e-14
0.96628475,8.101537e-14,2.7265216e-14
0.96666855,2.7438707e-13,2.778895e-14
0.96705294,1.4670577e-13,2.7323258e-14
0.96743786,2.4352864e-13,2.775878e-14
0.9678235,2.3031997e-13,2.7720024e-14
0.9682097,1.5034702e-13,2.7329249e-14
0.96859646,2.3968986e-13,2.795195e-14
0.9689839,2.128564e-13,2.7889603e-14
0.96937186,1.29512e-13,2.7503922e-14
0.9697605,2.1577904e-13,2.832755e-14
0.9701497,1.8420847e-13,2.793102e-14
0.97053945,2.861405e-13,2.8057661e-14
0.97092986,2.4461696e-13,2.7572352e-14
0.9713209,1.5576636e-13,2.762817e-14
0.9717125,1.8721714e-13,2.7326745e-14
0.97210467,3.1816512e-13,2.7114455e-14
0.9724976,2.0847493e-13,2.5723437e-14
0.9728909,3.5402394e-13,2.7029634e-14
0.97328496,2.5124146e-13,2.4724123e-14
0.9736795,3.1308596e-13,2.3780799e-14
0.9740747,2.528403e-13,2.366391e-14
0.9744705,2.8284653e-13,2.3697326e-14
0.97486687,2.352505e-13,2.2319882e-14
0.9752639,2.505169e-13,2.1508833e-14
0.9756615,3.4121626e-13,2.2263367e-14
0.9760597,2.8225913e-13,2.2458794e-14
0.9764584,2.5142825e-13,2.8344975e-14
0.97685784,2.496867e-13,2.5672073e-14
0.9772578,3.5487488e-13,2.820784e-14
0.9776583,1.3658787e-13,3.1056117e-14
0.9780595,2.6200578e-13,2.9592092e-14
0.97846115,3.4735325e-13,3.0397038e-14
0.9788635,3.7653414e-13,2.9744334e-14
0.9792664,3.5140567e-13,3.3050416e-14
0.9796699,1.6126345e-13,2.7589002e-14
0.98007405,2.681861e-13,2.6211321e-14
0.9804787,3.3726502e-13,2.4936347e-14
0.9808839,2.6246944e-13,2.350072e-14
0.98128974,3.8497512e-13,2.3300867e-14
0.9816962,2.1795655e-13,2.1888202e-14
0.9821032,2.8918987e-13,2.16341e-14
0.98251086,2.4588683e-13,2.2272033e-14
0.98291904,3.0923416e-13,2.1824871e-14
0.9833278,2.607672e-13,2.178224e-14
0.9837371,4.1432046e-13,2.2946787e-14
0.9841471,4.125781e-13,2.2958823e-14
0.9845576,3.083915e-13,2.4118975e-14
0.9849687,4.0122048e-13,2.430962e-14
0.98538035,4.320439e-13,2.5155349e-14
0.9857927,4.0388052e-13,2.5691865e-14
0.98620546,3.9258841e-13,2.6754162e-14
0.98661894,3.3006605e-13,2.72622e-14
0.9870329,2.5106572e-13,2.6915273e-14
0.98744744,3.2568772e-13,2.7186217e-14
0.9878627,3.854516e-13,2.625236e-14
0.9882784,3.3117983e-13,2.5119633e-14
0.9886947,3.8224288e-13,2.5287013e-14
0.9891116,3.1367907e-13,2.5047594e-14
0.989529,4.101982e-13,2.5976984e-14
0.9899471,4.3254945e-13,3.190476e-14
0.99036574,3.699662e-13,2.709215e-14
0.9907849,3.9062612e-13,2.8120137e-14
0.9912046,3.1653556e-13,3.0483543e-14
0.9916249,3.586727e-13,2.645479e-14
0.9920458,3.5224926e-13,2.7355793e-14
0.9924673,3.8663173e-13,2.793509e-14
0.99288934,3.9173555e-13,2.9922198e-14
0.99331194,3.9457454e-13,3.0087874e-14
0.99373513,5.108924e-13,3.1336326e-14
0.99415886,5.2441666e-13,3.3820924e-14
0.9945832,5.138689e-13,3.5001434e-14
0.9950081,4.3661022e-13,3.509574e-14
0.9954335,4.1920696e-13,3.506277e-14
0.99585956,5.44059e-13,3.4074248e-14
0.99628615,3.5018665e-13,3.2685443e-14
0.9967133,4.0163565e-13,3.0175308e-14
0.997141,4.1038437e-13,2.7814668e-14
0.99756926,3.4117197e-13,2.5241033e-14
0.9979981,3.854178e-13,2.3939956e-14
0.9984275,3.8413763e-13,2.2018103e-14
0.9988575,4.131145e-13,2.2568192e-14
0.99928796,3.5523768e-13,2.321983e-14
0.999719,4.000446e-13,2.5231085e-14
1.0001508,4.4599947e-13,2.743052e-14
1.0005829,4.2202827e-13,2.8502083e-14
1.0010157,4.5048587e-13,3.1067363e-14
1.001449,4.775757e-13,3.266988e-14
1.0018829,6.200843e-13,3.1754852e-14
1.0023174,3.8296726e-13,3.0445647e-14
1.0027523,5.0526824e-13,3.0115274e-14
1.0031879,5.240188e-13,2.9139255e-14
1.0036241,6.3100816e-13,2.757692e-14
1.0040607,5.0835985e-13,2.460799e-14
1.004498,4.915485e-13,2.3424952e-14
1.0049357,3.7700398e-13,2.242924e-14
1.0053741,4.9492273e-13,2.1905517e-14
1.0058129,4.7989135e-13,2.5656525e-14
1.0062523,4.208851e-13,2.2102791e-14
1.0066924,4.502081e-13,2.3111267e-14
1.0071329,5.2592826e-13,2.4191945e-14
1.0075741,5.1177573e-13,2.6478567e-14
1.0080156,5.357795e-13,2.6007032e-14
1.0084578,5.2176113e-13,2.667999e-14
1.0089006,5.3752727e-13,2.6612085e-14
1.0093439,5.992863e-13,2.6074805e-14
1.0097877,5.900279e-13,2.5693333e-14
1.010232,5.8405754e-13,2.5193104e-14
1.010677,5.630404e-13,2.5573786e-14
1.0111225,5.695793e-13,2.5618539e-14
1.0115684,4.384978e-13,2.5510257e-14
1.012015,5.52735e-13,2.6622884e-14
1.0124623,6.594138e-13,2.7752582e-14
1.0129099,7.314083e-13,3.0039393e-14
1.013358,5.677205e-13,2.7863266e-14
1.0138067,6.221752e-13,2.6875939e-14
1.014256,6.3684794e-13,2.6666274e-14
1.0147059,6.8218814e-13,2.6278877e-14
1.0151563,6.7898904e-13,2.6290715e-14
1.0156071,5.8067673e-13,2.5587088e-14
1.0160586,5.614849e-13,2.876464e-14
1.0165106,6.583478e-13,2.8228911e-14
1.0169631,5.8735135e-13,2.8949858e-14
1.0174162,6.32438e-13,2.9839897e-14
1.0178698,7.4710024e-13,3.1343634e-14
1.0183239,7.3556596e-13,3.20865e-14
1.0187786,5.7181576e-13,3.058844e-14
1.0192338,6.1368467e-13,3.028779e-14
1.0196896,6.3193347e-13,3.0357407e-14
1.0201458,6.6058807e-13,3.1153052e-14
1.0206026,6.869294e-13,3.024192e-14
1.02106,7.98564e-13,3.044507e-14
1.0215179,6.949975e-13,3.053656e-14
1.0219762,8.146558e-13,3.126101e-14
1.0224353,7.983937e-13,3.0996398e-14
1.0228947,7.4895846e-13,3.4068746e-14
1.0233546,7.462202e-13,2.916695e-14
1.0238153,7.543509e-13,2.8037551e-14
1.0242763,7.410797e-13,2.718475e-14
1.0247378,7.2693815e-13,2.5097656e-14
1.0252,7.86898e-13,2.3675726e-14
1.0256627,7.3070434e-13,2.26412e-14
1.0261259,7.338675e-13,2.2534778e-14
1.0265895,7.750488e-13,2.2149768e-14
1.0270538,8.2366086e-13,2.2169854e-14
1.0275185,8.8060657e-13,2.4390671e-14
1.0279839,8.5042477e-13,2.7926307e-14
1.0284497,9.194141e-13,3.1285037e-14
1.028916,9.583964e-13,3.3372715e-14
1.0293828,1.0055943e-12,4.305471e-14
1.0298502,9.021859e-13,3.8043123e-14
1.030318,9.416997e-13,3.806127e-14
1.0307865,8.645982e-13,3.683332e-14
1.0312555,9.162185e-13,3.9546315e-14
1.0317249,9.991746e-13,3.2706917e-14
1.032195,1.0115953e-12,3.032032e-14
1.0326654,9.123987e-13,2.6579238e-14
1.0331364,9.009992e-13,2.456886e-14
1.033608,8.9325227e-13,2.3675482e-14
1.03408,9.0532865e-13,2.5960718e-14
1.0345526,9.756643e-13,2.4929675e-14
1.0350257,9.717385e-13,2.4444183e-14
1.0354992,9.390048e-13,2.5129108e-14
1.0359733,1.0009318e-12,2.6138417e-14
1.036448,9.987623e-13,2.7390836e-14
1.0369232,1.0412471e-12,2.8713116e-14
1.0373988,9.874663e-13,2.9226614e-14
1.037875,1.0128893e-12,3.052857e-14
1.0383517,1.1405056e-12,3.1280886e-14
1.0388288,1.1716965e-12,3.2094576e-14
1.0393065,1.1519754e-12,3.157535e-14
1.0397848,1.1067798e-12,3.0719835e-14
1.0402635,1.0604794e-12,2.9822075e-14
1.0407426,1.1483595e-12,3.0166225e-14
1.0412225,1.096392e-12,3.0228634e-14
1.0417027,1.1465392e-12,3.0969097e-14
1.0421835,1.0960945e-12,3.1699713e-14
1.0426648,1.0505798e-12,3.1777532e-14
1.0431465,1.1343398e-12,3.2998005e-14
1.0436288,1.1615626e-12,3.3304305e-14
1.0441116,1.0768579e-12,3.222672e-14
1.0445948,1.0767713e-12,3.6072206e-14
1.0450786,1.1027252e-12,2.9615253e-14
1.045563,1.1434672e-12,2.8948062e-14
1.0460478,1.1457721e-12,2.7858861e-14
1.046533,1.2015746e-12,2.8051976e-14
1.0470189,1.207603e-12,2.936451e-14
1.0475051,1.1110069e-12,2.9130347e-14
1.047992,1.1614013e-12,3.020826e-14
1.0484793,1.2316617e-12,3.0622633e-14
1.0489671,1.1309899e-12,3.0260845e-14
1.0494554,1.2745101e-12,2.9231077e-14
1.0499442,1.1807281e-12,2.8196865e-14
1.0504335,1.2432189e-12,2.7424638e-14
1.0509232,1.2881881e-12,2.6496749e-14
1.0514135,1.3662083e-12,2.5870294e-14
1.0519043,1.2580405e-12,2.5400077e-14
1.0523956,1.2800985e-12,2.6431653e-14
1.0528874,1.1499813e-12,2.6666733e-14
1.0533797,1.301012e-12,2.7771442e-14
1.0538725,1.3073294e-12,2.7731442e-14
1.0543658,1.349371e-12,2.8144803e-14
1.0548595,1.2886338e-12,2.6792836e-14
1.0553538,1.3320101e-12,2.631088e-14
1.0558485,1.2963423e-12,2.5768092e-14
1.0563437,1.3076166e-12,2.5140477e-14
1.0568393,1.3668543e-12,2.4724988e-14
1.0573355,1.3487038e-12,2.427812e-14
1.0578324,1.3597284e-12,2.4414295e-14
1.0583295,1.390502e-12,2.501245e-14
1.0588272,1.3643485e-12,2.4937223e-14
1.0593253,1.333695e-12,2.5092646e-14
1.0598239,1.2701952e-12,2.4989444e-14
1.0603231,1.3177893e-12,2.5978873e-14
1.0608227,1.3633735e-12,2.64809e-14
1.0613229,1.3241926e-12,2.5489381e-14
1.0618236,1.3522687e-12,2.4785109e-14
1.0623248,1.4203792e-12,2.4946604e-14
1.0628265,1.442283e-12,2.5046082e-14
1.0633287,1.3875613e-12,2.442344e-14
1.0638314,1.4424541e-12,2.4454875e-14
1.0643346,1.4111778e-12,2.432328e-14
1.0648385,1.3854461e-12,2.447337e-14
1.0653428,1.3673669e-12,2.4294504e-14
1.0658476,1.3816427e-12,2.4571597e-14
1.0663531,1.4160851e-12,2.5141637e-14
1.066859,1.4273557e-12,2.4671266e-14
1.0673654,1.4652945e-12,2.55851e-14
1.0678724,1.427003e-12,2.5111396e-14
1.06838,1.4596401e-12,2.5650717e-14
1.0688881,1.476731e-12,2.6068882e-14
1.0693967,1.5032524e-12,2.6582188e-14
1.0699059,1.5328508e-12,2.7780555e-14
1.0704156,1.5548544e-12,2.902035e-14
1.070926,1.5890556e-12,3.0427338e-14
1.0714369,1.5719749e-12,3.1260913e-14
1.0719483,1.567781e-12,3.1779467e-14
1.0724603,1.520265e-12,3.2612385e-14
1.072973,1.5553955e-12,3.4084816e-14
1.0734862,1.5218738e-12,3.497562e-14
1.074,1.6112214e-12,3.5546442e-14
1.0745144,1.6001972e-12,3.6353133e-14
1.0750293,1.6052212e-12,3.724453e-14
1.0755448,1.6823898e-12,3.8076035e-14
1.0760609,1.58456e-12,3.9145472e-14
1.0765777,1.6838354e-12,3.90288e-14
1.0770949,1.6062225e-12,3.6714758e-14
1.0776129,1.6034394e-12,3.503032e-14
1.0781313,1.6290634e-12,3.3832485e-14
1.0786505,1.612163e-12,3.2480827e-14
1.0791702,1.5688961e-12,3.1305382e-14
1.0796906,1.5755386e-12,2.936387e-14
1.0802116,1.554141e-12,2.7860684e-14
1.0807332,1.6024843e-12,2.7630513e-14
1.0812553,1.5855486e-12,2.7290641e-14
1.0817782,1.5280382e-12,3.4985778e-14
1.0823016,1.5992318e-12,3.0611554e-14
1.0828258,1.570684e-12,3.218157e-14
1.0833505,1.6293794e-12,3.6153477e-14
1.0838759,1.6193022e-12,3.8966504e-14
1.084402,1.528666e-12,5.0242146e-14
1.0849286,1.5265822e-12,4.463462e-14
1.085456,1.5183013e-12,4.4773216e-14
1.0859839,1.4723428e-12,4.3845583e-14
1.0865124,1.5535242e-12,4.2099702e-14
1.0870419,1.4967192e-12,3.945322e-14
1.0875716,1.472383e-12,3.5747823e-14
1.0881022,1.4727524e-12,3.2029897e-14
1.0886335,1.4743717e-12,2.943099e-14
1.0891656,1.3665747e-12,2.7886507e-14
1.0896981,1.3225306e-12,2.7831709e-14
1.0902313,1.2762884e-12,2.744375e-14
1.0907654,1.2227848e-12,2.7638478e-14
1.0912999,1.1442505e-12,2.8014622e-14
1.0918353,1.1872005e-12,3.428063e-14
1.0923713,1.0348607e-12,3.1253063e-14
1.092908,9.413838e-13,3.2106496e-14
1.0934453,8.8291614e-13,3.2938726e-14
1.0939834,9.153635e-13,3.4744197e-14
1.0945222,8.835931e-13,3.580671e-14
1.0950617,7.985953e-13,3.508196e-14
1.0956019,6.9514007e-13,3.397105e-14
1.0961428,6.5597663e-13,3.4455013e-14
1.0966843,6.97004e-13,3.5527855e-14
1.0972267,6.76984e-13,3.500615e-14
1.0977699,6.5250057e-13,3.4872922e-14
1.0983136,6.406726e-13,3.6328654e-14
1.098858,6.6952916e-13,3.6854177e-14
1.0994033,6.2687393e-13,3.5213392e-14
1.0999492,5.8190133e-13,3.340541e-14
1.1004959,5.363691e-13,3.1159967e-14
1.1010432,5.505331e-13,2.987397e-14
1.1015913,5.142047e-13,3.350315e-14
1.1021403,4.244257e-13,2.7845373e-14
1.10269,5.6714816e-13,2.933842e-14
1.1032404,4.8454334e-13,2.9305405e-14
1.1037915,4.173365e-13,3.0615565e-14
1.1043434,2.9230332e-13,3.5939388e-14
1.104896,3.7616828e-13,2.949115e-14
1.1054494,3.0222548e-13,2.8769047e-14
1.1060036,3.386687e-13,2.5321918e-14
1.1065586,3.1998235e-13,2.4119333e-14
1.1071143,2.8852617e-13,2.2133982e-14
1.1076707,3.3578319e-13,2.251692e-14
1.108228,3.6382453e-13,2.3673651e-14
1.108786,3.1482485e-13,2.414692e-14
1.1093448,3.2205851e-13,2.4663443e-14
1.1099044,2.949898e-13,2.556857e-14
1.1104648,2.427594e-13,2.4810562e-14
1.1110259,2.8138044e-13,2.3635277e-14
1.111588,1.9642102e-13,2.1401565e-14
1.1121507,2.1998599e-13,2.0624288e-14
1.1127143,1.926926e-13,1.936486e-14
1.1132786,2.1233896e-13,1.8347459e-14
1.1138438,1.8291643e-13,1.7502233e-14
1.1144098,1.5661857e-13,1.8687258e-14
1.1149766,1.6966204e-13,2.0260176e-14
1.1155442,9.9496556e-14,2.137884e-14
1.1161127,1.8681069e-13,2.266828e-14
1.1166819,1.4987248e-13,2.5649716e-14
1.117252,9.330854e-14,2.4256574e-14
1.1178229,1.07759945e-13,2.3341409e-14
1.1183946,1.4063647e-13,2.3080223e-14
1.1189672,1.2626628e-13,2.1168797e-14
1.1195406,1.4657931e-13,2.0094185e-14
1.1201148,7.847065e-14,1.8875147e-14
1.1206899,1.4697315e-13,1.919303e-14
1.1212658,1.2508852e-13,1.954631e-14
1.1218426,1.2172525e-13,2.0223306e-14
1.1224202,8.064705e-14,2.0172223e-14
1.1229986,1.4085497e-13,2.1978652e-14
1.1235781,1.404686e-13,2.1729758e-14
1.1241581,1.8440012e-13,2.0977582e-14
1.1247393,1.1656331e-13,2.0881861e-14
1.1253211,9.837355e-14,2.051982e-14
1.125904,1.2927165e-13,1.9734113e-14
1.1264877,1.0335616e-13,2.0399142e-14
1.1270722,1.4024289e-13,2.1602816e-14
1.1276577,1.8588535e-13,2.2906744e-14
1.1282439,1.5723708e-13,2.468646e-14
1.1288311,1.997107e-13,2.8615114e-14
1.1294192,1.112328e-13,3.1440674e-14
1.1300082,1.4379085e-13,3.3024185e-14
1.1305981,1.7412089e-13,3.4431513e-14
1.1311888,1.7073872e-13,3.4688e-14
1.1317805,1.5276287e-13,4.076304e-14
1.1323731,1.2255702e-13,3.5743425e-14
1.1329665,1.9681446e-13,3.8761522e-14
1.1335609,8.6608604e-14,5.4932977e-14
1.1341561,9.47886e-14,5.0381964e-14
1.1347524,8.604584e-14,5.4200486e-14
1.1353495,1.967269e-13,4.8666353e-14
1.1359476,1.4883894e-13,4.5547306e-14
1.1365465,1.0483771e-13,3.5269212e-14
1.1371464,8.5175675e-14,2.8495042e-14
1.1377472,7.11326e-14,2.424812e-14
1.1383489,1.1839463e-13,2.1249217e-14
1.1389517,1.2822352e-13,1.9380388e-14
1.1395552,1.2756929e-13,2.409267e-14
1.1401598,1.489337e-13,1.8186121e-14
1.1407654,1.715728e-13,1.6813197e-14
1.1413718,1.1287238e-13,1.9165178e-14
1.1419793,1.350154e-13,2.3717771e-14
1.1425877,8.7115584e-14,3.56641e-14
1.143197,8.780968e-14,3.585084e-14
1.1438073,1.8068492e-13,4.0894866e-14
1.1444186,8.767338e-14,4.8588907e-14
1.1450307,1.6752471e-13,5.2677e-14
1.145644,7.8690025e-14,4.9851047e-14
1.1462582,1.5070679e-13,4.728653e-14
1.1468734,1.3008353e-13,4.26503e-14
1.1474894,1.3677278e-13,3.5642838e-14
1.1481066,1.1580796e-13,2.861713e-14
1.1487246,1.3776747e-13,2.3633978e-14
1.1493437,6.916311e-14,2.0860306e-14
1.1499637,5.5078887e-14,1.854144e-14
1.1505848,1.0138199e-13,2.2553318e-14
1.151207,7.577882e-14,2.0598142e-14
1.15183,8.994264e-14,2.4632303e-14
1.152454,2.7012513e-14,2.8601633e-14
1.1530792,1.0271378e-13,3.0954853e-14
1.1537051,1.4145111e-13,3.3269143e-14
1.1543323,1.7648273e-13,3.6992195e-14
1.1549604,1.2104033e-13,4.90002e-14
1.1555896,1.7345538e-13,3.7217577e-14
1.1562197,1.01820414e-13,2.8735518e-14
1.1568509,1.1643536e-13,2.8098051e-14
1.1574831,3.865764e-14,2.8961764e-14
1.1581163,6.5492764e-14,2.8500555e-14
1.1587505,1.2279152e-13,2.9757582e-14
1.1593859,7.863189e-14,3.065074e-14
1.1600223,7.2079854e-14,3.0289858e-14
1.1606597,2.4145067e-14,2.8157657e-14
1.161298,1.03332056e-13,2.6480969e-14
1.1619375,8.352943e-14,2.5031585e-14
1.1625781,4.8556746e-14,2.4200099e-14
1.1632196,1.3883148e-13,2.447695e-14
1.1638623,8.744901e-14,2.4388947e-14
1.1645061,6.86377e-14,2.5143094e-14
1.1651508,2.924138e-14,2.5950631e-14
1.1657966,5.148991e-14,2.5406936e-14
1.1664436,5.8067686e-14,2.2560545e-14
1.1670915,6.907179e-14,2.0651392e-14
1.1677406,6.754431e-14,1.955046e-14
1.1683908,1.2989864e-13,1.8059229e-14
1.169042,7.809242e-14,1.9989456e-14
1.1696942,7.925139e-14,1.9671144e-14
1.1703477,9.0818134e-14,2.025749e-14
1.1710021,9.38578e-14,2.0773727e-14
1.1716577,4.0065817e-14,2.0340763e-14
1.1723144,9.4132066e-14,1.9653997e-14
1.1729723,1.1126953e-13,1.8060392e-14
1.1736312,1.520503e-13,1.7081961e-14
1.1742911,1.1422157e-13,1.5804942e-14
1.1749523,1.1063466e-13,1.4192831e-14
1.1756145,1.068032e-13,1.4833378e-14
1.1762778,1.2349926e-13,1.4870651e-14
1.1769422,1.2675858e-13,1.5982587e-14
1.1776078,1.2199676e-13,1.6517649e-14
1.1782745,1.1690476e-13,1.7345883e-14
1.1789423,1.6861467e-13,1.6784578e-14
1.1796112,1.496645e-13,1.5950105e-14
1.1802814,1.548535e-13,1.5610063e-14
1.1809525,1.1841328e-13,1.5656482e-14
1.1816249,2.1427588e-13,1.7728759e-14
1.1822984,1.7296596e-13,1.2587376e-14
1.1829731,1.5862168e-13,1.2540914e-14
1.183649,1.8656204e-13,1.2815589e-14
1.1843259,1.7087251e-13,1.3278572e-14
1.185004,1.9890585e-13,1.4077762e-14
1.1856833,2.0939957e-13,1.4138536e-14
1.1863637,2.5401396e-13,1.4504851e-14
1.1870453,2.100292e-13,1.4034653e-14
1.187728,2.0947197e-13,1.4163198e-14
1.1884121,2.1813767e-13,1.4117991e-14
1.1890972,2.3394454e-13,1.378452e-14
1.1897835,2.482968e-13,1.3047537e-14
1.1904709,2.7332536e-13,1.3277356e-14
1.1911596,2.7021639e-13,1.3535184e-14
1.1918495,3.275768e-13,1.3860608e-14
1.1925404,3.2428736e-13,1.449092e-14
1.1932327,3.3220873e-13,1.4281358e-14
1.1939261,3.0206398e-13,1.5764435e-14
1.1946206,3.728489e-13,1.701e-14
1.1953166,3.623841e-13,1.9087852e-14
1.1960135,3.546456e-13,2.1137687e-14
1.1967117,3.6220397e-13,2.3259364e-14
1.1974112,4.132003e-13,2.6040285e-14
1.1981118,4.1033683e-13,2.715915e-14
1.1988137,4.583124e-13,2.940706e-14
1.1995167,4.1289823e-13,3.0624127e-14
1.200221,4.240163e-13,3.1524113e-14
1.2009265,4.4648278e-13,3.1766768e-14
1.2016333,4.7482206e-13,3.148313e-14
1.2023413,4.4995366e-13,3.1267744e-14
1.2030506,5.1127033e-13,3.0401544e-14
1.203761,5.0350647e-13,2.919591e-14
1.2044728,5.43305e-13,2.5858076e-14
1.2051857,5.796374e-13,2.3935367e-14
1.2058998,6.1074876e-13,2.1472934e-14
1.2066153,6.1021175e-13,1.9380732e-14
1.207332,6.202228e-13,1.851721e-14
1.2080499,5.9296833e-13,1.9610688e-14
1.2087691,6.24758e-13,2.3962725e-14
1.2094897,6.478651e-13,2.8053231e-14
1.2102113,7.039488e-13,3.14379e-14
1.2109344,6.7243406e-13,3.556401e-14
1.2116587,6.677088e-13,3.7338473e-14
1.2123842,6.932924e-13,4.4475952e-14
1.213111,7.6174174e-13,3.645927e-14
1.2138392,7.4789827e-13,3.5552466e-14
1.2145685,8.0812435e-13,3.1283204e-14
1.2152992,8.338183e-13,2.6882625e-14
1.2160312,8.545122e-13,2.6693733e-14
1.2167645,8.8714957e-13,2.3133205e-14
1.217499,8.741544e-13,2.274343e-14
1.2182349,9.259033e-13,2.3861962e-14
1.218972,9.457013e-13,2.5704785e-14
1.2197105,9.0414693e-13,2.7684772e-14
1.2204502,8.712216e-13,2.9093708e-14
1.2211913,9.554536e-13,3.1412417e-14
1.2219337,9.882779e-13,3.2166754e-14
1.2226775,1.075716e-12,3.2631412e-14
1.2234224,1.0312716e-12,3.1564103e-14
1.2241688,9.853205e-13,3.1268316e-14
1.2249165,1.0921378e-12,3.231047e-14
1.2256655,1.1313472e-12,3.2350584e-14
1.2264159,1.1185181e-12,3.205913e-14
1.2271675,1.1382547e-12,3.269981e-14
1.2279205,1.2209937e-12,4.025487e-14
1.2286748,1.271851e-12,3.2051554e-14
1.2294306,1.2349869e-12,3.0947657e-14
1.2301877,1.340232e-12,3.0232927e-14
1.230946,1.3667578e-12,3.0096947e-14
1.2317058,1.3727745e-12,2.9782132e-14
1.2324668,1.3734041e-12,2.9960653e-14
1.2332293,1.3488531e-12,3.067832e-14
1.233993,1.3890175e-12,3.120789e-14
1.2347583,1.4441882e-12,3.054063e-14
1.2355249,1.4633872e-12,2.9111225e-14
1.2362927,1.5860567e-12,2.8073323e-14
1.2370621,1.5571121e-12,2.9867852e-14
1.2378328,1.5916016e-12,2.6013678e-14
1.2386048,1.5821991e-12,2.5800722e-14
1.2393783,1.5860762e-12,2.647608e-14
1.2401531,1.5442182e-12,2.6900374e-14
1.2409292,1.618502e-12,2.799075e-14
1.241707,1.6134551e-12,2.725424e-14
1.2424859,1.6274766e-12,2.6351945e-14
1.2432665,1.7070877e-12,2.5497762e-14
1.2440481,1.7926396e-12,2.4926972e-14
1.2448313,1.8275e-12,2.4327342e-14
1.245616,1.8685138e-12,2.4102467e-14
1.246402,1.841919e-12,2.4383632e-14
1.2471894,1.866288e-12,2.505313e-14
1.2479783,1.871215e-12,2.5439296e-14
1.2487687,1.8149836e-12,2.519385e-14
1.2495604,1.8308165e-12,2.519577e-14
1.2503536,1.832311e-12,2.4749334e-14
1.2511481,1.8038878e-12,2.385809e-14
1.2519441,1.8690592e-12,2.356541e-14
1.2527415,1.9646684e-12,2.3575356e-14
1.2535403,2.0825442e-12,2.3846017e-14
1.2543406,2.142864e-12,2.445583e-14
1.2551423,2.2499992e-12,2.5823253e-14
1.2559456,2.2141993e-12,2.59841e-14
1.2567503,2.2301288e-12,2.680987e-14
1.2575563,2.2912679e-12,2.770279e-14
1.258364,2.2068133e-12,2.7807046e-14
1.2591729,2.2492073e-12,2.847879e-14
1.2599835,2.2744645e-12,2.847643e-14
1.2607954,2.2450744e-12,2.8034947e-14
1.2616088,2.1993028e-12,2.819975e-14
1.2624238,2.25526e-12,2.8343804e-14
1.26324,2.275049e-12,2.8591807e-14
1.2640579,2.182076e-12,2.9033447e-14
1.2648772,2.261254e-12,3.1538015e-14
1.2656981,2.3215854e-12,3.4526388e-14
1.2665204,2.2795552e-12,3.6371324e-14
1.2673441,2.2329371e-12,3.7801935e-14
1.2681694,2.3100623e-12,3.8550445e-14
1.2689962,2.351267e-12,3.7588097e-14
1.2698245,2.2281658e-12,3.5738878e-14
1.2706543,2.1970503e-12,3.4578477e-14
1.2714856,2.1556008e-12,3.4243502e-14
1.2723184,2.1408537e-12,3.4382514e-14
1.2731526,2.146419e-12,3.5913902e-14
1.2739885,2.2864206e-12,3.8471854e-14
1.2748258,2.2090231e-12,3.9259926e-14
1.2756647,2.1704604e-12,3.9981537e-14
1.276505,2.192298e-12,4.0846233e-14
1.277347,2.0919828e-12,4.104374e-14
1.2781904,2.1659183e-12,4.086121e-14
1.2790353,2.300164e-12,4.042462e-14
1.2798818,2.2434459e-12,3.8800763e-14
1.2807299,2.3009886e-12,4.158018e-14
1.2815795,2.138334e-12,3.2397052e-14
1.2824305,1.959935e-12,2.8545336e-14
1.2832834,1.941002e-12,2.540997e-14
1.2841375,1.771587e-12,2.2773414e-14
1.2849933,1.6962256e-12,2.2561966e-14
1.2858506,1.6825577e-12,2.5987186e-14
1.2867094,1.6316165e-12,2.6907314e-14
1.2875699,1.591316e-12,2.9336952e-14
1.288432,1.5199688e-12,3.1933068e-14
1.2892956,1.5032459e-12,3.4055563e-14
1.2901608,1.5547615e-12,3.4342155e-14
1.2910275,1.4937566e-12,3.2500464e-14
1.2918957,1.4905056e-12,3.0608762e-14
1.2927657,1.5109072e-12,2.7899954e-14
1.2936372,1.4475711e-12,2.5176603e-14
1.2945102,1.4443454e-12,2.2561078e-14
1.295385,1.4198888e-12,2.3889309e-14
1.2962612,1.4246363e-12,2.0974121e-14
1.297139,1.3719145e-12,2.1862588e-14
1.2980186,1.323191e-12,2.361423e-14
1.2988997,1.2068915e-12,2.426384e-14
1.2997823,1.1679754e-12,2.5546678e-14
1.3006665,1.2272728e-12,2.6836362e-14
1.3015524,1.1387348e-12,2.6229622e-14
1.3024398,1.1610352e-12,2.593206e-14
1.303329,1.1806116e-12,2.577857e-14
1.3042197,1.1922282e-12,2.6905007e-14
1.3051121,1.0811729e-12,2.6373567e-14
1.3060061,1.0692881e-12,2.6463444e-14
1.3069018,9.671319e-13,2.5990744e-14
1.307799,9.45934e-13,2.5883563e-14
1.3086978,9.203288e-13,2.534801e-14
1.3095983,8.598504e-13,2.3417534e-14
1.3105006,9.268908e-13,2.2941015e-14
1.3114043,8.122696e-13,2.1924907e-14
1.3123099,7.9295213e-13,2.121106e-14
1.3132169,7.6170044e-13,2.1008755e-14
1.3141257,7.3613874e-13,2.0593483e-14
1.3150362,7.097339e-13,1.9527508e-14
1.3159482,6.6438e-13,1.816781e-14
1.3168619,6.514967e-13,1.7224412e-14
1.3177774,7.297431e-13,1.7029755e-14
1.3186945,7.203718e-13,1.7301488e-14
1.3196132,6.671922e-13,1.7733934e-14
1.3205336,5.8671693e-13,1.8264244e-14
1.3214557,6.38704e-13,1.8715505e-14
1.3223795,5.279165e-13,1.8500922e-14
1.323305,4.566286e-13,1.7930768e-14
1.3242322,4.5484515e-13,1.6525535e-14
1.325161,4.0870513e-13,1.4373705e-14
1.3260916,3.8601896e-13,1.3376448e-14
1.3270239,3.1073085e-13,1.16983034e-14
1.3279579,2.679717e-13,1.088979e-14
1.3288934,2.1592053e-13,1.095418e-14
1.3298308,1.5259277e-13,1.0959351e-14
1.3307698,9.426114e-14,1.0827082e-14
1.3317107,7.834563e-14,1.075158e-14
1.3326532,5.5373363e-14,1.0344853e-14
1.3335974,6.5886634e-14,9.397821e-15
1.3345432,5.3324766e-14,8.085478e-15
1.335491,5.0977123e-14,7.8651846e-15
1.3364403,4.1327686e-14,7.282147e-15
1.3373914,4.417301e-14,7.612068e-15
1.3383442,3.0583666e-14,8.498965e-15
1.3392988,3.2391285e-14,9.705449e-15
1.340255,5.795442e-15,1.0137822e-14
1.3412131,4.7306953e-14,1.0535812e-14
1.3421729,-4.5093165e-16,1.1011223e-14
1.3431344,2.393486e-14,1.0160405e-14
1.3440976,3.3074444e-14,1.0124201e-14
1.3450625,2.988481e-14,1.003421e-14
1.346029,4.9196377e-15,9.620791e-15
1.3469975,3.6787607e-15,9.5182956e-15
1.3479676,-3.9236747e-15,1.1299967e-14
1.3489393,-1.8297446e-14,1.26414695e-14
1.3499129,3.507832e-14,1.486935e-14
1.3508881,1.5108665e-13,1.8705932e-14
1.3518652,6.405058e-14,2.5184427e-14
1.3528439,8.932278e-14,3.0823038e-14
1.3538243,-2.0125396e-14,3.581282e-14
1.3548064,3.1369035e-14,4.3954467e-14
1.3557904,-1.8067926e-14,5.0307133e-14
1.3567759,1.8662096e-14,5.6951026e-14
1.3577632,-2.3623356e-13,8.0899155e-14
1.3587523,-2.6594804e-13,1.2381692e-13
1.359743,-5.9547885e-13,1.11870826e-13
1.3607354,-1.0093062e-13,1.2122273e-13
1.3617296,-1.8791858e-13,1.394042e-13
1.3627255,-2.9195608e-13,1.1273123e-13
1.3637232,1.0357698e-13,1.2954994e-13
1.3647225,1.5399376e-13,1.4243225e-13
1.3657235,7.509732e-13,1.1905708e-13
1.3667263,-4.2021207e-15,1.2872949e-13
1.3677306,2.7811585e-13,1.5855032e-13
1.3687369,2.7581827e-14,1.5287782e-13
1.3697448,3.822446e-13,1.4566394e-13
1.3707544,4.492375e-13,1.12581467e-13
1.3717657,6.745285e-14,7.6550894e-14
1.3727788,1.8190722e-13,5.4943104e-14
1.3737936,2.4072163e-14,4.5245e-14
1.37481,3.694712e-14,3.7058915e-14
1.3758281,1.0848296e-13,3.1798826e-14
1.3768481,4.2000962e-14,3.0526603e-14
1.3778696,2.958406e-14,3.2049264e-14
1.378893,-1.842013e-13,4.203311e-14
1.379918,-9.05662e-15,5.5487045e-14
1.3809447,-1.6605686e-14,9.049988e-14
1.3819731,5.16432e-15,1.2399351e-13
1.3830034,-1.4402761e-13,1.5770001e-13
1.3840351,3.234537e-14,1.0505631e-13
1.3850688,9.163196e-14,9.294407e-14
1.386104,1.6693183e-13,8.760202e-14
1.3871409,-2.7597626e-13,5.4993357e-14
1.3881795,9.153184e-15,4.3430835e-14
1.38922,-1.24199865e-14,3.6261152e-14
1.3902621,5.8761515e-14,3.4733697e-14
1.3913058,9.7936436e-14,3.5214117e-14
1.3923514,-6.309719e-15,4.30101e-14
1.3933986,6.994177e-14,4.9501463e-14
1.3944476,4.5979773e-15,4.9648704e-14
1.3954982,-6.420087e-14,4.7318042e-14
1.3965505,2.1065625e-13,4.7548123e-14
1.3976045,-1.2259972e-13,5.174081e-14
1.3986602,-1.9800389e-13,6.167397e-14
1.3997176,1.5188106e-13,7.2959745e-14
1.4007767,3.0262316e-13,6.9780146e-14
1.4018376,-5.685793e-14,6.886605e-14
1.4029001,-7.4422144e-14,6.084554e-14
1.4039643,2.907305e-14,5.5571823e-14
1.4050301,1.405898e-13,5.3583667e-14
1.4060979,3.6350063e-14,5.844176e-14
1.4071672,4.619957e-14,5.2045628e-14
1.4082382,-7.836308e-14,5.1134285e-14
1.4093109,1.395815e-13,5.226714e-14
1.4103854,-6.9797765e-14,4.925055e-14
1.4114615,1.4716299e-13,4.591594e-14
1.4125392,1.3149223e-13,4.7699227e-14
1.4136188,4.9897288e-14,4.5096522e-14
1.4146999,-1.0866202e-14,4.634559e-14
1.4157828,1.657693e-14,4.5613405e-14
1.4168674,1.6526769e-13,4.4172155e-14
1.4179537,-8.146199e-14,4.4877794e-14
1.4190418,7.45606e-14,3.8088564e-14
1.4201313,-2.7651021e-14,3.3996467e-14
1.4212227,4.229119e-14,2.6024859e-14
1.4223157,-1.6236099e-14,1.993657e-14
1.4234105,3.9518075e-14,1.6941826e-14
1.4245069,1.9240677e-14,1.5337944e-14
1.425605,-3.5094804e-14,1.7216455e-14
1.4267049,1.5450211e-14,1.8623564e-14
1.4278065,7.2552106e-14,1.8852822e-14
1.4289095,-4.5103525e-16,1.9583419e-14
1.4300145,1.6850715e-13,2.0251763e-14
1.4311211,6.7880746e-14,2.0774127e-14
1.4322293,2.953628e-14,2.3155612e-14
1.4333392,5.851087e-14,2.5208371e-14
1.434451,6.1838474e-14,2.6120458e-14
1.4355643,6.914392e-14,2.7282086e-14
1.4366792,-1.4850585e-14,2.7108893e-14
1.437796,1.9788604e-14,2.5866101e-14
1.4389143,1.3378472e-14,2.3014895e-14
1.4400345,-6.010378e-15,1.922829e-14
1.4411563,1.2845981e-14,1.5143623e-14
1.4422797,5.76229e-14,1.2096488e-14
1.4434048,5.5752854e-14,1.0948744e-14
1.4445317,4.5433292e-14,1.01830055e-14
1.4456601,3.5496844e-14,8.920279e-15
1.4467903,6.53432e-14,1.0162903e-14
1.4479221,1.3481756e-14,1.4904725e-14
1.4490557,8.401778e-14,2.1435975e-14
1.4501909,5.650295e-14,2.4914917e-14
1.4513278,1.704846e-13,2.8196844e-14
1.4524664,6.685638e-14,2.8952874e-14
1.4536067,8.2516025e-14,2.7432407e-14
1.4547486,9.811522e-14,2.5140653e-14
1.4558923,1.2283572e-13,2.2525857e-14
1.4570376,9.1943326e-14,2.099536e-14
1.4581846,5.692944e-14,2.0731897e-14
1.4593332,1.0967912e-13,2.0685004e-14
1.4604836,1.2587282e-13,2.0837127e-14
1.4616356,7.93785e-14,2.09726e-14
1.4627893,1.7393202e-13,1.9659811e-14
1.4639447,1.0508813e-13,1.8762095e-14
1.4651017,1.6275895e-13,1.8150574e-14
1.4662604,1.362864e-13,1.7217712e-14
1.4674209,1.1549914e-13,1.8031178e-14
1.4685829,1.1735543e-13,2.0050857e-14
1.4697467,9.885493e-14,2.1802469e-14
1.4709121,1.5403606e-13,2.2801637e-14
1.4720792,1.2769674e-13,2.2096242e-14
1.473248,6.1144815e-14,1.9716764e-14
1.4744184,1.1468696e-13,1.8920561e-14
1.4755906,1.5596531e-13,1.874569e-14
1.4767643,1.0346803e-13,1.9769959e-14
1.4779398,1.006825e-13,2.1943552e-14
1.4791169,1.1597765e-13,2.3799485e-14
1.4802957,1.2135353e-13,2.6018364e-14
1.4814762,7.751113e-14,2.5845657e-14
1.4826583,1.4024232e-13,2.515246e-14
1.4838421,1.4051232e-13,2.451352e-14
1.4850277,1.9715993e-13,2.423968e-14
1.4862148,1.3496796e-13,2.5514508e-14
1.4874036,1.8488873e-13,2.5273117e-14
1.488594,9.634356e-14,2.5232414e-14
1.4897863,2.5124792e-13,2.4000421e-14
1.49098,1.6815771e-13,2.2941176e-14
1.4921756,1.7055755e-13,2.0937804e-14
1.4933727,2.0090926e-13,1.872426e-14
1.4945714,2.385303e-13,1.6246026e-14
1.495772,2.105784e-13,1.337095e-14
1.4969741,2.185887e-13,1.1437417e-14
1.4981779,2.3881897e-13,1.012683e-14
1.4993834,2.5403998e-13,8.880697e-15
1.5005906,2.6569374e-13,9.4166135e-15
1.5017993,2.5836985e-13,1.4033023e-14
1.5030098,2.611703e-13,2.1188123e-14
1.5042219,2.1237165e-13,2.6325928e-14
1.5054357,2.2148517e-13,3.002659e-14
1.5066512,2.7643735e-13,3.2044456e-14
1.5078683,3.120111e-13,3.228978e-14
1.509087,2.9384072e-13,3.0206574e-14
1.5103074,2.695248e-13,2.6256732e-14
1.5115294,3.100757e-13,2.121478e-14
1.5127534,2.839254e-13,1.5671414e-14
1.5139787,3.441776e-13,1.2045069e-14
1.5152057,3.6293397e-13,1.0956877e-14
1.5164344,3.2845103e-13,1.16838446e-14
1.5176648,3.0178366e-13,1.2508906e-14
1.5188968,3.3639492e-13,1.3455039e-14
1.5201305,3.683267e-13,1.5136763e-14
1.5213659,3.9254258e-13,1.8460485e-14
1.5226029,3.9232845e-13,2.0429884e-14
1.5238416,4.342088e-13,2.1967718e-14
1.5250819,4.5305312e-13,2.2859386e-14
1.5263238,4.7604406e-13,2.3592194e-14
1.5275675,4.3000548e-13,2.2573835e-14
1.5288126,4.805766e-13,2.1437926e-14
1.5300597,5.3619885e-13,2.1850724e-14
1.5313082,6.3097775e-13,2.2211133e-14
1.5325584,5.903675e-13,2.3177645e-14
1.5338104,5.7121197e-13,2.3886932e-14
1.5350639,6.087365e-13,2.3670603e-14
1.536319,6.246244e-13,2.2628048e-14
1.5375758,6.4243733e-13,2.1136701e-14
1.5388343,6.7368837e-13,1.998459e-14
1.5400945,7.0335594e-13,1.943359e-14
1.5413562,7.1202245e-13,1.9836846e-14
1.5426197,7.751711e-13,2.0922068e-14
1.5438848,7.1597383e-13,2.1131612e-14
1.5451515,7.2626464e-13,2.0651988e-14
1.54642,8.105316e-13,1.959962e-14
1.5476899,8.446385e-13,1.8115832e-14
1.5489615,8.9348255e-13,1.7028122e-14
1.5502349,8.9387444e-13,1.610811e-14
1.5515099,9.489184e-13,1.7409648e-14
1.5527865,9.193152e-13,1.8679777e-14
1.5540646,1.0117446e-12,1.9953206e-14
1.5553446,9.80554e-13,2.0485038e-14
1.5566261,9.624862e-13,2.078605e-14
1.5579093,9.65639e-13,2.052075e-14
1.5591941,1.0505427e-12,2.0531252e-14
1.5604806,9.983372e-13,2.0192112e-14
1.5617687,1.0395448e-12,2.0301823e-14
1.5630584,1.109321e-12,2.1775979e-14
1.5643498,1.0838846e-12,2.2105646e-14
1.5656428,1.1130373e-12,2.2333597e-14
1.5669374,1.1541663e-12,2.1932924e-14
1.5682338,1.2087349e-12,2.1650753e-14
1.5695317,1.2776704e-12,2.0378425e-14
1.5708313,1.3007157e-12,2.0389504e-14
1.5721326,1.2596504e-12,1.6478238e-14
1.5734354,1.3336373e-12,1.5339745e-14
1.5747399,1.36638e-12,1.461106e-14
1.5760461,1.410326e-12,1.4453189e-14
1.577354,1.3820201e-12,1.4040923e-14
1.5786632,1.3871759e-12,1.4877912e-14
1.5799743,1.4170855e-12,1.9213055e-14
1.581287,1.3261673e-12,2.4449301e-14
1.5826013,1.4148084e-12,2.820611e-14
1.5839173,1.4360095e-12,3.089103e-14
1.585235,1.4540201e-12,3.2322428e-14
1.586554,1.470725e-12,3.222542e-14
1.587875,1.4044642e-12,2.9166624e-14
1.5891975,1.2005365e-12,2.4437805e-14
1.5905216,1.2328876e-12,1.9854247e-14
1.5918474,1.311052e-12,1.6233776e-14
1.5931748,1.2221735e-12,1.4184444e-14
1.5945038,1.1915039e-12,1.4138511e-14
1.5958345,1.1562363e-12,1.438346e-14
1.5971667,1.077134e-12,1.4654463e-14
1.5985006,1.0004974e-12,1.541802e-14
1.5998361,9.383925e-13,1.8221832e-14
1.6011733,8.1487605e-13,2.0916676e-14
1.6025121,7.087208e-13,2.2208028e-14
1.6038525,6.8669473e-13,2.371184e-14
1.6051947,6.209477e-13,2.4216047e-14
1.6065383,5.456291e-13,2.403496e-14
1.6078836,5.3168787e-13,2.2855414e-14
1.6092305,4.6012966e-13,2.238201e-14
1.6105791,4.1541323e-13,2.2858356e-14
1.6119293,4.139935e-13,2.295347e-14
1.6132811,2.9948009e-13,2.3269283e-14
1.6146345,2.5981593e-13,2.6106633e-14
1.6159897,1.9658832e-13,2.2304758e-14
1.6173463,1.903355e-13,2.0422256e-14
1.6187046,2.2840703e-13,1.876046e-14
1.6200645,2.340911e-13,1.7859139e-14
1.6214261,1.5074866e-13,1.853158e-14
1.6227893,2.0204284e-13,1.9656462e-14
1.6241541,1.5580241e-13,2.0100637e-14
1.6255205,1.5113083e-13,1.9612662e-14
1.6268886,1.5648516e-13,1.8140886e-14
1.6282582,1.4306447e-13,1.6389611e-14
1.6296295,1.0785044e-13,1.4824622e-14
1.6310024,1.0169732e-13,1.3622636e-14
1.6323769,1.0368883e-13,1.4588077e-14
1.6337531,9.2289674e-14,1.5848986e-14
1.6351309,1.6698668e-13,1.7209146e-14
1.6365101,1.12392477e-13,1.759247e-14
1.6378912,1.7974924e-13,1.7833789e-14
1.6392739,1.6169803e-13,1.7154372e-14
1.640658,1.7529856e-13,1.6993727e-14
1.642044,1.579346e-13,1.7026675e-14
1.6434314,1.6535532e-13,1.7126918e-14
1.6448205,1.4567714e-13,1.7894715e-14
1.6462111,1.5249817e-13,1.9096808e-14
1.6476035,1.3128031e-13,1.9791621e-14
1.6489973,1.4170877e-13,1.9837547e-14
1.650393,1.6958715e-13,1.9461912e-14
1.65179,1.9376903e-13,1.8206216e-14
1.6531888,2.1706893e-13,1.7243516e-14
1.6545893,2.004771e-13,1.533375e-14
1.6559912,1.3823296e-13,1.3462838e-14
1.6573948,1.4646998e-13,1.1512343e-14
1.6588,1.4776037e-13,1.0262056e-14
1.6602068,1.6470996e-13,9.2592e-15
1.6616153,1.7426627e-13,8.485775e-15
1.6630251,1.8516373e-13,7.911858e-15
1.6644369,1.6188663e-13,1.0200702e-14
1.6658502,1.2929233e-13,1.542598e-14
1.667265,7.118435e-14,2.0137355e-14
1.6686815,1.1254648e-13,2.369343e-14
1.6700996,8.881302e-14,2.559671e-14
1.6715193,6.1520396e-14,2.609927e-14
1.6729406,7.813438e-14,2.5358106e-14
1.6743635,1.7685402e-14,2.2493309e-14
1.6757879,6.800824e-14,1.843941e-14
1.677214,7.87651e-14,1.36763735e-14
1.6786418,1.1526518e-13,1.0260807e-14
1.6800711,1.3618615e-13,9.002113e-15
1.6815021,1.2903883e-13,9.0478315e-15
1.6829345,1.5875165e-13,9.4113865e-15
1.6843687,1.8675592e-13,1.0326673e-14
1.6858045,1.8336027e-13,1.2657007e-14
1.6872418,1.8778807e-13,1.5817129e-14
1.6886806,1.7510075e-13,1.7659546e-14
1.6901213,1.152833e-13,1.8964754e-14
1.6915635,1.7905785e-13,1.9820625e-14
1.6930072,1.1782163e-13,2.0121932e-14
1.6944525,1.2391985e-13,1.871138e-14
1.6958994,9.256013e-14,1.8014432e-14
1.697348,1.673499e-13,1.8140496e-14
1.6987983,1.2458704e-13,1.8566693e-14
1.70025,1.4121981e-13,1.9315954e-14
1.7017033,7.6919475e-14,1.9225972e-14
1.7031583,1.4106773e-13,1.8891674e-14
1.7046146,6.315103e-14,1.77915e-14
1.7060728,8.4026976e-14,1.6585691e-14
1.7075326,7.9588666e-14,1.5540325e-14
1.7089939,6.3107803e-14,1.5992646e-14
1.7104568,9.845839e-14,1.7011473e-14
1.7119213,1.3629118e-13,1.7493756e-14
1.7133875,5.503578e-14,1.7455638e-14
1.7148553,1.3754709e-13,1.6400735e-14
1.7163244,1.6020842e-13,1.4743644e-14
1.7177954,1.8187459e-13,1.3507906e-14
1.7192677,1.4095132e-13,1.205561e-14
1.720742,1.8502032e-13,1.2503007e-14
1.7222176,1.6536604e-13,1.3944568e-14
1.7236949,1.5639722e-13,1.4837757e-14
1.7251736,1.7980655e-13,1.5125557e-14
1.726654,1.7402067e-13,1.4855484e-14
1.7281362,1.773565e-13,1.41212945e-14
1.72962,1.46606e-13,1.349132e-14
1.7311051,8.88325e-14,1.3095336e-14
1.7325917,1.02837945e-13,1.3368457e-14
1.7340803,1.2240111e-13,1.4612653e-14
1.7355703,1.1886287e-13,1.5900796e-14
1.7370617,7.932382e-14,1.5918041e-14
1.7385548,1.2131023e-13,1.6204687e-14
1.7400496,8.7379505e-14,1.6649222e-14
1.741546,1.0991831e-13,1.7192875e-14
1.7430439,9.249258e-14,1.677435e-14
1.7445433,1.3201771e-13,1.6441257e-14
1.7460445,5.748796e-14,1.5421146e-14
1.7475473,1.4258885e-13,1.495197e-14
1.7490516,1.5505917e-13,1.36491245e-14
1.7505572,1.518957e-13,1.21927614e-14
1.7520647,1.2621847e-13,1.0811832e-14
1.7535738,1.2654835e-13,9.726302e-15
1.7550844,1.420772e-13,8.718228e-15
1.7565964,1.483844e-13,7.694531e-15
1.7581104,1.543073e-13,6.860746e-15
1.7596256,1.5637311e-13,8.860144e-15
1.7611426,1.2378916e-13,1.3560377e-14
1.762661,1.11783324e-13,1.7998547e-14
1.764181,1.7578899e-13,2.1562997e-14
1.7657027,1.4857396e-13,2.3054363e-14
1.767226,1.036365e-13,2.3422807e-14
1.7687508,1.1162714e-13,2.2265096e-14
1.7702771,1.4427648e-13,1.9289114e-14
1.771805,1.05669325e-13,1.4958151e-14
1.7733347,7.2655715e-14,1.117022e-14
1.7748659,1.02269545e-13,8.741627e-15
1.7763987,8.8863094e-14,7.709183e-15
1.7779328,1.1743553e-13,7.7804745e-15
1.7794688,1.306159e-13,8.200297e-15
1.7810061,1.0795797e-13,8.827319e-15
1.7825451,1.2509457e-13,1.1516073e-14
1.7840858,1.8419227e-13,1.7950022e-14
1.785628,7.983142e-14,1.761315e-14
1.7871717,1.03622785e-13,1.8704768e-14
1.7887168,1.0543808e-13,1.9308662e-14
1.7902637,1.0388744e-13,1.9225657e-14
1.7918123,6.7127686e-14,1.7500146e-14
1.7933623,1.01796575e-13,1.5934696e-14
1.7949139,9.4029046e-14,1.6743803e-14
1.796467,1.3291268e-13,1.927448e-14
1.7980217,1.4820666e-13,2.3365324e-14
1.799578,1.7159631e-13,2.839201e-14
1.8011359,1.4002609e-13,3.2002067e-14
1.8026953,1.6616564e-13,3.180743e-14
1.8042562,6.031388e-14,2.856854e-14
1.8058189,4.147125e-14,2.3883129e-14
1.8073831,1.0132059e-13,2.3222265e-14
1.8089489,4.98322e-14,2.6032783e-14
1.810516,4.022443e-14,2.927949e-14
1.8120849,1.2193038e-13,3.0948117e-14
1.8136553,2.7757387e-14,3.171088e-14
1.8152274,1.6786781e-13,3.041638e-14
1.8168008,1.3605169e-13,2.868364e-14
1.818376,1.7477748e-13,2.5994742e-14
1.8199525,1.6856412e-13,2.321857e-14
1.8215308,2.3617184e-13,2.3472133e-14
1.8231107,2.2521979e-13,2.4846964e-14
1.824692,1.7044322e-13,2.8241811e-14
1.826275,2.3557808e-13,3.3462365e-14
1.8278594,5.6080042e-14,4.3924394e-14
1.8294455,-4.0163965e-14,5.484005e-14
1.8310332,-6.7966762e-15,6.1675186e-14
1.8326223,1.5655137e-13,7.451931e-14
1.8342131,-5.2214185e-13,9.589438e-14
1.8358053,1.9941908e-13,1.44736e-13
1.8373992,2.0893562e-13,1.9098496e-13
1.8389945,-6.660551e-13,2.34816e-13
1.8405915,5.2327495e-13,1.5105742e-13
1.84219,5.275405e-13,1.3151646e-13
1.8437903,4.668555e-13,8.247841e-14
1.8453918,1.9017326e-13,8.424592e-14
1.8469951,2.6939339e-14,8.746394e-14
1.8485998,3.3041224e-13,1.11085843e-13
1.8502063,5.4898317e-13,1.007793e-13
1.851814,2.655094e-14,1.006859e-13
1.8534235,-1.7703486e-13,1.1373363e-13
1.8550346,-1.5142092e-13,1.3105085e-13
1.856647,1.03141616e-13,1.2679988e-13
1.8582611,-1.4402112e-13,1.0867084e-13
1.8598768,2.1846687e-14,8.663692e-14
1.861494,4.045735e-13,7.574054e-14
1.8631127,9.3535124e-14,5.819099e-14
1.864733,-5.477919e-14,6.0823633e-14
1.866355,2.486323e-13,7.2352084e-14
1.8679783,-1.4451362e-13,1.0524293e-13
1.8696033,1.3013465e-13,2.0272599e-13
1.8712296,-2.5397268e-13,3.4783932e-13
1.8728578,-1.7334075e-13,3.80308e-13
1.8744873,2.1309483e-13,2.420655e-13
1.8761185,2.8693435e-13,1.4478948e-13
1.8777512,3.0677425e-13,7.9023525e-14
1.8793854,1.11877724e-13,5.626731e-14
1.8810211,2.0154337e-13,5.0390495e-14
1.8826582,1.9450525e-13,4.629907e-14
1.884297,2.8352654e-13,4.0648813e-14
1.8859373,2.1032362e-13,3.6549827e-14
1.8875793,1.553916e-13,3.550948e-14
1.8892225,2.0865854e-13,4.0397898e-14
1.8908674,9.834053e-14,4.6140937e-14
1.8925139,1.5314238e-13,4.7573965e-14
1.8941617,3.2943936e-13,4.0775207e-14
1.8958111,1.254741e-13,4.4095753e-14
1.8974621,2.6377286e-13,5.8950274e-14
1.8991146,1.611253e-13,7.3547695e-14
1.9007685,5.723074e-14,1.0323092e-13
1.902424,1.467499e-13,1.3122228e-13
1.9040811,1.6442723e-13,1.3533891e-13
1.9057394,4.6148773e-13,9.772368e-14
1.9073994,4.4282498e-13,8.0309254e-14
1.909061,2.3033824e-13,7.732043e-14
1.9107238,1.8178831e-13,8.097503e-14
1.9123884,8.881378e-14,8.720718e-14
1.9140543,2.7618982e-13,8.013723e-14
1.9157219,3.8126305e-13,5.5909053e-14
1.9173908,3.0546073e-13,4.8006873e-14
1.9190613,2.3253323e-13,4.3643498e-14
1.9207332,2.6727917e-13,4.542546e-14
1.9224067,3.4601212e-13,4.338031e-14
1.9240814,2.8105735e-13,4.116554e-14
1.9257578,3.9651947e-14,4.4126273e-14
1.9274358,2.5594827e-14,4.6725505e-14
1.929115,2.3361779e-13,4.8505494e-14
1.9307959,2.525484e-13,4.160973e-14
1.9324783,1.4175176e-13,3.3024022e-14
1.9341619,8.20832e-15,2.9713214e-14
1.9358473,9.5730905e-14,3.018759e-14
1.937534,2.8191106e-14,3.0348194e-14
1.9392221,9.430122e-14,2.7743458e-14
1.9409118,1.2040583e-13,2.289192e-14
1.9426029,1.7687818e-13,1.9153926e-14
1.9442955,1.01974215e-13,1.69931e-14
1.9459895,9.220868e-14,1.5952505e-14
1.947685,6.8645996e-14,1.6422275e-14
1.9493818,9.085377e-14,1.7115029e-14
1.9510803,7.958243e-14,1.9018829e-14
1.9527801,8.4305515e-14,2.194277e-14
1.9544815,8.937937e-14,2.4752464e-14
1.9561841,2.6015212e-13,3.145847e-14
1.9578882,2.0009467e-13,2.534379e-14
1.9595939,1.5322506e-13,2.3157281e-14
1.961301,1.2805341e-13,2.1765564e-14
1.9630096,6.188644e-14,2.4008854e-14
1.9647195,1.1005908e-13,1.991748e-14
1.9664309,2.083037e-13,1.9187685e-14
1.9681437,1.7833001e-13,1.8247072e-14
1.969858,1.5000592e-13,1.688966e-14
1.9715736,1.4736618e-13,1.6718979e-14
1.9732908,2.2140247e-13,1.6745398e-14
1.9750092,2.4723997e-13,1.6205605e-14
1.9767293,2.1412184e-13,1.750941e-14
1.9784505,2.0789891e-13,1.4652579e-14
1.9801735,1.7639423e-13,1.3655583e-14
1.9818977,1.8629586e-13,1.4623782e-14
1.9836233,1.7629534e-13,1.03534514e-14
1.9853504,2.0902351e-13,9.269297e-15
1.9870789,1.8994235e-13,8.770965e-15
1.9888088,2.1090628e-13,8.615701e-15
1.99054,2.4629e-13,8.323762e-15
1.9922729,2.2984574e-13,8.024773e-15
1.9940069,2.2258337e-13,8.2319405e-15
1.9957424,2.4191532e-13,9.559129e-15
1.9974793,2.3090948e-13,1.342491e-14
1.9992176,2.5400382e-13,1.9222532e-14
2.0009575,2.5283034e-13,2.7025323e-14
2.0026984,2.552373e-13,3.557866e-14
2.004441,3.217513e-13,4.2651975e-14
2.006185,1.5182407e-13,3.940135e-14
2.0079303,2.4382262e-13,3.198805e-14
2.009677,2.4076677e-13,2.5441304e-14
2.011425,2.7857718e-13,2.2649986e-14
2.0131743,3.3186537e-13,2.1861871e-14
2.0149255,3.571169e-13,2.1608132e-14
2.0166776,2.9608087e-13,2.1435446e-14
2.018431,3.5584784e-13,1.9576863e-14
2.0201862,3.3854787e-13,1.7412299e-14
2.0219426,3.968158e-13,1.5596104e-14
2.0237002,3.7248904e-13,1.4922566e-14
2.0254593,3.9350253e-13,1.5285324e-14
2.0272198,3.340308e-13,1.5167875e-14
2.0289817,3.9192233e-13,1.5064212e-14
2.030745,3.5100167e-13,1.4822682e-14
2.0325096,3.9691194e-13,1.4446221e-14
2.0342753,4.0171208e-13,1.3436985e-14
2.0360427,4.341302e-13,1.23709755e-14
2.0378113,4.260702e-13,1.238669e-14
2.0395815,4.837668e-13,1.3774316e-14
2.0413527,4.4299942e-13,1.4414693e-14
2.0431256,4.4062367e-13,1.4586614e-14
2.0448997,4.2962308e-13,1.433475e-14
2.046675,4.3107044e-13,1.3722801e-14
2.0484517,5.181295e-13,1.3478918e-14
2.0502298,5.270731e-13,1.2261695e-14
2.0520093,4.630664e-13,1.1991206e-14
2.0537903,4.951611e-13,1.4859746e-14
2.0555725,4.99063e-13,1.735999e-14
2.0573559,5.4994236e-13,1.9349832e-14
2.059141,5.428117e-13,1.847907e-14
2.060927,5.3562097e-13,1.6659197e-14
2.0627143,5.771569e-13,1.607094e-14
2.0645034,5.706712e-13,1.417362e-14
2.0662935,5.354489e-13,1.2153249e-14
2.068085,5.7780863e-13,1.1334344e-14
2.0698776,5.665569e-13,1.1894981e-14
2.071672,6.1991785e-13,1.3298963e-14
2.0734675,6.1344755e-13,1.41939945e-14
2.075264,5.330804e-13,1.4083639e-14
2.0770624,6.034451e-13,1.372984e-14
2.0788617,5.956643e-13,1.2886562e-14
2.0806623,5.8547573e-13,1.17387645e-14
2.0824645,5.7904685e-13,1.0123703e-14
2.0842679,6.002893e-13,9.454832e-15
2.0860724,5.6177594e-13,9.517921e-15
2.0878782,5.9217014e-13,1.0015171e-14
2.0896857,5.985881e-13,1.0556604e-14
2.0914943,6.094034e-13,1.1127025e-14
2.0933042,5.889318e-13,1.10510805e-14
2.0951152,5.6323983e-13,1.0751924e-14
2.0969276,5.6484624e-13,1.01735145e-14
2.0987415,5.214851e-13,9.281237e-15
2.1005566,5.661049e-13,8.9629494e-15
2.1023731,5.495488e-13,8.5181e-15
2.1041906,5.341279e-13,8.731445e-15
2.1060095,5.224861e-13,9.184192e-15
2.1078296,5.3861803e-13,9.814309e-15
2.109651,5.0077385e-13,1.043152e-14
2.111474,4.614868e-13,1.11081036e-14
2.113298,4.9763796e-13,1.1298568e-14
2.1151235,4.9929283e-13,1.1490913e-14
2.11695,4.8302736e-13,1.1575039e-14
2.118778,5.1383865e-13,1.1785592e-14
2.1206071,4.594398e-13,1.1369533e-14
2.1224375,4.855535e-13,1.1180261e-14
2.1242692,4.566325e-13,1.1303953e-14
2.1261024,4.593609e-13,1.1689225e-14
2.1279366,3.8808247e-13,1.15316455e-14
2.1297722,4.2112475e-13,1.11723764e-14
2.1316087,3.760741e-13,1.1205402e-14
2.133447,3.968203e-13,1.101595e-14
2.135286,3.6528652e-13,1.0481709e-14
2.1371264,3.7700184e-13,9.893744e-15
2.1389685,3.872629e-13,9.723123e-15
2.1408114,3.3957928e-13,9.372626e-15
2.1426558,3.840433e-13,9.063431e-15
2.1445014,3.7218555e-13,8.643592e-15
2.146348,3.6066422e-13,8.250591e-15
2.148196,3.4541486e-13,8.2059705e-15
2.1500454,3.237057e-13,8.432206e-15
2.151896,3.248059e-13,9.9720715e-15
2.1537476,2.8176268e-13,1.2072085e-14
2.1556008,3.1801067e-13,1.3753128e-14
2.157455,2.637403e-13,1.4767027e-14
2.1593103,3.327792e-13,1.5429288e-14
2.1611671,2.4909727e-13,1.4809548e-14
2.163025,1.9716657e-13,1.350434e-14
2.164884,2.1926185e-13,1.1595239e-14
2.1667445,2.186706e-13,1.1978048e-14
2.1686063,2.1719855e-13,9.546721e-15
2.170469,2.020067e-13,1.0059773e-14
2.172333,2.265531e-13,1.0547404e-14
2.1741982,2.5337862e-13,1.0895105e-14
2.1760647,2.343101e-13,1.1015306e-14
2.1779325,2.3849363e-13,1.0927316e-14
2.1798015,2.2199836e-13,1.10422756e-14
2.1816714,1.9911641e-13,1.1187037e-14
2.1835427,1.8132333e-13,1.17613735e-14
2.1854155,1.8417985e-13,1.2634905e-14
2.187289,2.015469e-13,1.3208386e-14
2.1891642,1.9688535e-13,1.3826039e-14
2.1910403,1.3470858e-13,1.3744878e-14
2.1929176,1.2254516e-13,1.3396164e-14
2.194796,1.405964e-13,1.2561082e-14
2.1966758,9.827337e-14,1.183574e-14
2.198557,1.1968643e-13,1.24021e-14
2.200439,1.11924054e-13,1.31235626e-14
2.2023222,9.3602474e-14,1.3867966e-14
2.2042067,4.443406e-14,1.7219856e-14
2.2060924,1.9088834e-14,1.7346227e-14
2.2079792,1.8139468e-14,1.5175503e-14
2.2098675,4.283192e-15,1.468245e-14
2.2117567,-1.9949415e-14,1.3690591e-14
2.2136471,3.772563e-14,1.2945755e-14
2.2155385,2.2793787e-14,1.30225674e-14
2.2174313,5.8751154e-14,1.34132995e-14
2.2193253,4.4463392e-14,1.39782e-14
2.2212203,3.819913e-14,1.4404735e-14
2.2231166,2.7338425e-14,1.4270742e-14
2.225014,2.8987866e-14,1.4266339e-14
2.2269127,6.515387e-14,1.425992e-14
2.2288125,5.0853497e-14,1.2668214e-14
2.2307134,2.7693603e-14,1.1939507e-14
2.2326157,8.6904225e-14,1.1911093e-14
2.2345188,7.742429e-14,1.2534119e-14
2.2364233,1.3851201e-14,1.3238988e-14
2.2383287,2.935178e-14,1.4027106e-14
2.2402356,2.7569223e-14,1.465576e-14
2.2421434,4.368543e-14,1.446872e-14
2.2440524,4.057059e-14,1.5018675e-14
2.2459624,3.9045722e-14,1.4745726e-14
2.2478738,5.726219e-14,1.4112526e-14
2.2497864,3.8107548e-14,1.2959613e-14
2.2517,1.4315397e-14,1.25211e-14
2.2536147,2.7192561e-14,1.2657884e-14
2.2555304,5.9130286e-14,1.26272716e-14
2.2574477,4.215765e-14,1.3674332e-14
2.2593656,4.1105208e-14,1.3932596e-14
2.261285,-1.9480277e-14,1.442401e-14
2.2632055,2.259025e-14,1.4630392e-14
2.265127,2.383349e-15,1.48482e-14
2.2670496,3.1822564e-14,1.4592953e-14
2.2689734,2.6447291e-14,1.4711095e-14
2.2708983,4.4527397e-14,1.4360237e-14
2.2728243,5.127676e-14,1.4568772e-14
2.2747514,6.1244677e-14,1.4751375e-14
2.2766798,4.1580783e-14,1.4469566e-14
2.278609,-4.1991198e-14,1.4711472e-14
2.2805398,1.9564648e-14,1.530155e-14
2.2824712,-2.3784807e-14,1.522754e-14
2.2844038,2.244272e-14,1.560288e-14
2.2863376,-5.6416413e-15,1.5624624e-14
2.2882726,1.943833e-14,1.598971e-14
2.2902086,-3.4002956e-15,1.603618e-14
2.2921457,7.501702e-15,1.5516568e-14
2.294084,1.8338736e-15,1.5640584e-14
2.2960231,5.5559716e-15,1.5821363e-14
2.2979636,-1.24242284e-14,1.5588503e-14
2.2999053,-1.285135e-14,1.5877377e-14
2.301848,-1.9124445e-14,1.5909798e-14
2.3037915,-5.465389e-15,1.615789e-14
2.3057363,1.5315582e-14,1.6528239e-14
2.3076823,5.988923e-15,1.6809845e-14
2.3096292,-1.4954651e-14,1.7158075e-14
2.311577,1.5364226e-14,1.7625343e-14
2.3135264,1.851351e-14,1.7987248e-14
2.3154767,2.4068248e-14,1.8340103e-14
2.3174276,2.0564024e-14,1.800884e-14
2.3193803,8.866737e-15,1.796463e-14
2.3213336,-2.2442394e-15,1.7811355e-14
2.3232882,1.213283e-14,1.7154452e-14
2.3252437,5.0982473e-14,1.6597514e-14
2.3272004,5.2427135e-14,1.6787155e-14
2.329158,8.7433045e-14,1.656335e-14
2.331117,2.6834378e-14,1.6959819e-14
2.3330765,6.1699133e-14,1.8438765e-14
2.3350375,2.3447554e-14,1.968226e-14
2.3369994,-3.7369122e-14,1.9878572e-14
2.3389626,-6.3910703e-15,2.034845e-14
2.3409266,7.929241e-14,2.3649973e-14
2.3428917,-1.8907364e-14,1.9661234e-14
2.344858,2.4355426e-14,1.8605545e-14
2.346825,2.5149608e-14,1.8590825e-14
2.3487933,-5.2423848e-14,1.7879417e-14
2.3507626,-6.0274085e-14,1.8333545e-14
2.352733,2.5736784e-14,1.874542e-14
2.3547044,2.1023666e-14,1.8900642e-14
2.3566768,1.796372e-14,1.9775114e-14
2.3586502,1.7997556e-14,2.0480034e-14
2.3606246,3.2490136e-15,2.1247474e-14
2.3626,2.417749e-14,2.1600084e-14
2.3645768,8.175275e-14,2.2174557e-14
2.3665543,4.3147174e-14,2.2812855e-14
2.368533,3.5442352e-14,2.3073366e-14
2.3705127,1.7619695e-14,2.445491e-14
2.3724933,-5.625037e-14,2.5139404e-14
2.374475,-1.909894e-14,2.5190045e-14
2.376458,1.18902995e-14,2.5237177e-14
2.3784413,4.7117173e-14,2.4648096e-14
2.3804262,8.5614804e-14,2.3434681e-14
2.382412,6.65538e-14,2.2089972e-14
2.384399,-2.8244041e-14,2.160926e-14
2.3863866,4.9035747e-14,2.1485765e-14
2.3883753,7.983246e-14,2.2281483e-14
2.3903651,1.08759905e-13,2.4579172e-14
2.3923562,-2.7531798e-14,3.0500657e-14
2.394348,5.704743e-14,3.018934e-14
2.3963406,-1.2900777e-14,2.914741e-14
2.3983345,1.9010169e-14,2.9583642e-14
2.4003294,1.1568036e-13,2.9568944e-14
2.4023252,1.9805163e-14,2.8858965e-14
2.404322,9.17214e-14,2.8062654e-14
2.4063196,8.924241e-14,2.9308502e-14
2.4083185,2.7532228e-14,3.0927114e-14
2.4103184,7.850989e-14,2.9998224e-14
2.4123192,3.3123024e-14,3.0488978e-14
2.414321,7.4640015e-14,2.9644937e-14
2.4163237,8.7993645e-14,2.8723545e-14
2.4183273,2.0450101e-14,2.9092434e-14
2.420332,6.6840403e-15,2.881636e-14
2.4223378,2.5171437e-15,2.8432575e-14
2.4243443,1.9961387e-13,2.8123327e-14
2.426352,1.2978764e-14,2.8471908e-14
2.4283605,-5.3732454e-15,2.7342173e-14
2.43037,3.0168488e-14,2.8098846e-14
2.4323807,-5.612089e-15,3.2515243e-14
2.4343922,6.2472075e-14,3.3686812e-14
2.4364047,-6.8104634e-14,3.3402565e-14
2.4384181,1.4081261e-13,3.3836313e-14
2.4404323,5.956908e-14,3.5848457e-14
2.442448,-7.555335e-15,3.9305337e-14
2.444464,-1.4412098e-14,4.4138216e-14
2.4464815,2.916296e-14,4.4946492e-14
2.4484997,-2.6243085e-14,4.5469247e-14
2.4505188,-2.7334673e-14,4.2682573e-14
2.452539,1.3691922e-13,3.750631e-14
2.45456,1.06126445e-13,3.6186772e-14
2.456582,1.9248524e-13,3.352844e-14
2.4586048,1.5219381e-13,3.1301418e-14
2.4606287,1.6345357e-13,2.982578e-14
2.4626536,-4.8116327e-14,3.384085e-14
2.4646795,5.090593e-14,4.246341e-14
2.466706,4.8963837e-14,5.0277175e-14
2.4687338,-1.9912127e-14,4.6632752e-14
2.4707623,-4.5894366e-14,4.3571958e-14
2.472792,6.6081716e-14,4.020474e-14
2.4748223,2.3530626e-15,4.04567e-14
2.4768536,-1.0159467e-14,4.2115847e-14
2.478886,-4.4973496e-14,4.7448363e-14
2.4809191,1.9288014e-14,5.9802505e-14
2.4829533,-3.5193474e-14,5.943497e-14
2.4849882,-5.3530165e-14,6.113977e-14
2.4870243,-1.492766e-14,5.9172394e-14
2.489061,-1.010999e-13,5.2383086e-14
2.491099,-6.874047e-14,4.6395776e-14
2.4931376,2.0874554e-13,4.1486075e-14
2.4951773,-4.4159687e-14,4.593795e-14
2.4972177,5.6284377e-14,4.657417e-14
